NAME,ADDRESS,SEQ,START,END,TYPE,READWRITE,DEFAULT,IS_REGISTER,GROUP,DESCRIPTION
DRP.A_RXCDRFREQRESET,0,0,15,15,attr_hidden,rw,,,,
DRP.A_RXCDRHOLD,0,0,14,14,attr_hidden,rw,,,,
DRP.A_RXCDRRESET,0,0,13,13,attr_hidden,rw,,,,
DRP.A_CPLLLOCKEN,0,0,10,10,attr_hidden,rw,,,,
DRP.A_CPLLPD,0,0,9,9,attr_hidden,rw,,,,
DRP.A_CPLLRESET,0,0,8,8,attr_hidden,rw,,,,
DRP.A_RXDFEAGCHOLD,0,0,7,7,attr_hidden,rw,,,,
DRP.A_RXDFEAGCOVRDEN,0,0,6,6,attr_hidden,rw,,,,
DRP.A_RXDFETAP2HOLD,0,0,5,5,attr_hidden,rw,,,,
DRP.A_RXDFETAP2OVRDEN,0,0,4,4,attr_hidden,rw,,,,
DRP.A_RXDFETAP3HOLD,0,0,3,3,attr_hidden,rw,,,,
DRP.A_RXDFETAP3OVRDEN,0,0,2,2,attr_hidden,rw,,,,
DRP.A_RXDFETAP4HOLD,0,0,1,1,attr_hidden,rw,,,,
DRP.A_RXDFETAP4OVRDEN,0,0,0,0,attr_hidden,rw,,,,
DRP.A_RXDFETAP5HOLD,1,0,15,15,attr_hidden,rw,,,,
DRP.A_RXDFETAP5OVRDEN,1,0,14,14,attr_hidden,rw,,,,
DRP.A_RXDFELFHOLD,1,0,13,13,attr_hidden,rw,,,,
DRP.A_RXDFELFOVRDEN,1,0,12,12,attr_hidden,rw,,,,
DRP.A_RXOSHOLD,1,0,11,11,attr_hidden,rw,,,,
DRP.A_RXOSOVRDEN,1,0,10,10,attr_hidden,rw,,,,
DRP.A_RXDFELPMRESET,1,0,9,9,attr_hidden,rw,,,,
DRP.A_RXDFEUTHOLD,1,0,8,8,attr_hidden,rw,,,,
DRP.A_RXDFEUTOVRDEN,1,0,7,7,attr_hidden,rw,,,,
DRP.A_RXDFEVPHOLD,1,0,6,6,attr_hidden,rw,,,,
DRP.A_RXDFEVPOVRDEN,1,0,5,5,attr_hidden,rw,,,,
DRP.A_RXDFEXYDEN,1,0,4,4,attr_hidden,rw,,,,
DRP.A_GTRXRESET,1,0,3,3,attr_hidden,rw,,,,
DRP.A_GTTXRESET,1,0,2,2,attr_hidden,rw,,,,
DRP.A_EYESCANRESET,1,0,1,1,attr_hidden,rw,,,,
DRP.A_EYESCANMODE,1,0,0,0,attr_hidden,rw,,,,
DRP.A_LOOPBACK,2,0,13,15,attr_hidden,rw,,,,
DRP.A_RXLPMHFHOLD,2,0,12,12,attr_hidden,rw,,,,
DRP.A_RXLPMHFOVRDEN,2,0,11,11,attr_hidden,rw,,,,
DRP.A_RXLPMLFHOLD,2,0,10,10,attr_hidden,rw,,,,
DRP.A_RXLPMLFKLOVRDEN,2,0,9,9,attr_hidden,rw,,,,
DRP.A_RXPRBSCNTRESET,2,0,8,8,attr_hidden,rw,,,,
DRP.A_RXDLYBYPASS,2,0,7,7,attr_hidden,rw,,,,
DRP.A_RXDLYOVRDEN,2,0,6,6,attr_hidden,rw,,,,
DRP.A_RXPHDLYRESET,2,0,5,5,attr_hidden,rw,,,,
DRP.A_RXDLYEN,2,0,4,4,attr_hidden,rw,,,,
DRP.A_RXPHOVRDEN,2,0,3,3,attr_hidden,rw,,,,
DRP.A_RXPHDLYPD,2,0,2,2,attr_hidden,rw,,,,
DRP.A_RXDLYSRESET,2,0,1,1,attr_hidden,rw,,,,
DRP.CDR_SWAP_MODE_EN,2,0,0,0,attr,rw,,,,
DRP.RXBUFRESET_TIME,3,0,11,15,attr,rw,,,,
DRP.EYE_SCAN_SWAP_EN,3,0,9,9,attr,rw,,,,
DRP.RX_DATA_WIDTH,3,0,5,8,attr,rw,,,,
DRP.RXCDRFREQRESET_TIME,3,0,0,4,attr,rw,,,,
DRP.RXCDRPHRESET_TIME,4,0,11,15,attr,rw,,,,
DRP.PCI3_RX_ELECIDLE_H2L_DISABLE,4,0,8,10,attr,rw,,,,
DRP.RXDFELPMRESET_TIME,4,0,1,7,attr,rw,,,,
DRP.RX_FABINT_USRCLK_FLOP,4,0,0,0,attr,rw,,,,
DRP.RXPMARESET_TIME,5,0,11,15,attr,rw,,,,
DRP.PCI3_RX_ELECIDLE_LP4_DISABLE,5,0,10,10,attr,rw,,,,
DRP.PCI3_RX_ELECIDLE_EI2_ENABLE,5,0,9,9,attr,rw,,,,
DRP.PCI3_RX_FIFO_DISABLE,5,0,8,8,attr,rw,,,,
DRP.RXPCSRESET_TIME,5,0,3,7,attr,rw,,,,
DRP.RXELECIDLE_CFG,5,0,0,2,attr,rw,,,,
DRP.RXDFE_HB_CFG1,6,0,0,15,attr,rw,,,,
DRP.A_RXBUFRESET,7,0,15,15,attr_hidden,rw,,,,
DRP.A_RXPHALIGNEN,7,0,14,14,attr_hidden,rw,,,,
DRP.A_RXPHALIGN,7,0,13,13,attr_hidden,rw,,,,
DRP.A_GTRESETSEL,7,0,12,12,attr_hidden,rw,,,,
DRP.A_RXOOBRESET,7,0,11,11,attr_hidden,rw,,,,
DRP.A_RXOUTCLKSEL,7,0,8,10,attr_hidden,rw,,,,
DRP.A_RXPMARESET,7,0,7,7,attr_hidden,rw,,,,
DRP.A_RXPOLARITY,7,0,6,6,attr_hidden,rw,,,,
DRP.A_RXPCSRESET,7,0,4,4,attr_hidden,rw,,,,
DRP.A_RXPRBSSEL,7,0,0,3,attr_hidden,rw,,,,
DRP.A_TXDLYBYPASS,8,0,15,15,attr_hidden,rw,,,,
DRP.A_TXDLYOVRDEN,8,0,14,14,attr_hidden,rw,,,,
DRP.A_TXPHDLYRESET,8,0,13,13,attr_hidden,rw,,,,
DRP.A_TXPHINIT,8,0,12,12,attr_hidden,rw,,,,
DRP.A_TXPHOVRDEN,8,0,11,11,attr_hidden,rw,,,,
DRP.A_TXPHDLYPD,8,0,10,10,attr_hidden,rw,,,,
DRP.A_TXDLYSRESET,8,0,9,9,attr_hidden,rw,,,,
DRP.A_TXINHIBIT,8,0,8,8,attr_hidden,rw,,,,
DRP.A_RXCDROVRDEN,8,0,6,6,attr_hidden,rw,,,,
DRP.A_RXLPMEN,8,0,5,5,attr_hidden,rw,,,,
DRP.A_RXDFEVSEN,8,0,4,4,attr_hidden,rw,,,,
DRP.A_RXMONITORSEL,8,0,2,3,attr_hidden,rw,,,,
DRP.A_RXPD,8,0,0,1,attr_hidden,rw,,,,
DRP.TXPMARESET_TIME,9,0,11,15,attr,rw,,,,
DRP.RX_PMA_POWER_SAVE,9,0,10,10,attr,rw,,,,
DRP.TX_PMA_POWER_SAVE,9,0,9,9,attr,rw,,,,
DRP.TXPCSRESET_TIME,9,0,3,7,attr,rw,,,,
DRP.A_TXDLYEN,9,0,2,2,attr_hidden,rw,,,,
DRP.A_TXPHALIGNEN,9,0,1,1,attr_hidden,rw,,,,
DRP.A_TXPHALIGN,9,0,0,0,attr_hidden,rw,,,,
DRP.A_TXDEEMPH,a,0,15,15,attr_hidden,rw,,,,
DRP.A_TXELECIDLE,a,0,13,13,attr_hidden,rw,,,,
DRP.A_TXMAINCURSOR,a,0,4,10,attr_hidden,rw,,,,
DRP.A_TXOUTCLKSEL,b,0,11,13,attr_hidden,rw,,,,
DRP.A_TXPOLARITY,b,0,10,10,attr_hidden,rw,,,,
DRP.RXPMACLK_SEL,b,0,8,9,attr,rw,,,,
DRP.A_TXPMARESET,b,0,7,7,attr_hidden,rw,,,,
DRP.A_TXPD,b,0,5,6,attr_hidden,rw,,,,
DRP.TX_FABINT_USRCLK_FLOP,b,0,4,4,attr,rw,,,,
DRP.A_TXPCSRESET,b,0,3,3,attr_hidden,rw,,,,
DRP.A_TXMARGIN,b,0,0,2,attr_hidden,rw,,,,
DRP.A_TXSYSCLKSEL,c,0,14,15,attr_hidden,rw,,,,
DRP.A_TXPLLCLKSEL,c,0,12,13,attr_hidden,rw,,,,
DRP.TX_PROGCLK_SEL,c,0,10,11,attr,rw,,,,
DRP.RXISCANRESET_TIME,c,0,5,9,attr,rw,,,,
DRP.A_TXPRBSFORCEERR,c,0,4,4,attr_hidden,rw,,,,
DRP.A_TXPRBSSEL,c,0,0,3,attr_hidden,rw,,,,
DRP.AMONITOR_CFG,d,0,0,15,attr_hidden,rw,,,,
DRP.RXCDR_CFG0,e,0,0,15,attr,rw,,,,
DRP.RXCDR_CFG1,f,0,0,15,attr,rw,,,,
DRP.RXCDR_CFG2,10,0,0,15,attr,rw,,,,
DRP.RXCDR_CFG3,11,0,0,15,attr,rw,,,,
DRP.RXCDR_CFG4,12,0,0,15,attr,rw,,,,
DRP.RXCDR_LOCK_CFG0,13,0,0,15,attr,rw,,,,
DRP.CHAN_BOND_MAX_SKEW,14,0,12,15,attr,rw,,,,
DRP.CHAN_BOND_SEQ_LEN,14,0,10,11,attr,rw,,,,
DRP.CHAN_BOND_SEQ_1_1,14,0,0,9,attr,rw,,,,
DRP.PCI3_RX_ELECIDLE_HI_COUNT,15,0,10,15,attr,rw,,,,
DRP.CHAN_BOND_SEQ_1_3,15,0,0,9,attr,rw,,,,
DRP.PCI3_RX_ELECIDLE_H2L_COUNT,16,0,10,15,attr,rw,,,,
DRP.CHAN_BOND_SEQ_1_4,16,0,0,9,attr,rw,,,,
DRP.RX_BUFFER_CFG,17,0,10,15,attr,rw,,,,
DRP.RX_DEFER_RESET_BUF_EN,17,0,9,9,attr,rw,,,,
DRP.OOBDIVCTL,17,0,7,8,attr,rw,,,,
DRP.PCI3_AUTO_REALIGN,17,0,5,6,attr,rw,,,,
DRP.PCI3_PIPE_RX_ELECIDLE,17,0,4,4,attr,rw,,,,
DRP.A_RXSYSCLKSEL,17,0,2,3,attr_hidden,rw,,,,
DRP.A_RXPLLCLKSEL,17,0,0,1,attr_hidden,rw,,,,
DRP.CHAN_BOND_SEQ_1_ENABLE,18,0,12,15,attr,rw,,,,
DRP.PCI3_RX_ASYNC_EBUF_BYPASS,18,0,10,11,attr,rw,,,,
DRP.CHAN_BOND_SEQ_2_1,18,0,0,9,attr,rw,,,,
DRP.CHAN_BOND_SEQ_2_2,19,0,0,9,attr,rw,,,,
DRP.CHAN_BOND_SEQ_2_3,1a,0,0,9,attr,rw,,,,
DRP.CHAN_BOND_SEQ_2_4,1b,0,0,9,attr,rw,,,,
DRP.CHAN_BOND_SEQ_2_ENABLE,1c,0,12,15,attr,rw,,,,
DRP.CHAN_BOND_SEQ_2_USE,1c,0,11,11,attr,rw,,,,
DRP.CLK_COR_KEEP_IDLE,1c,0,6,6,attr,rw,,,,
DRP.CLK_COR_MIN_LAT,1c,0,0,5,attr,rw,,,,
DRP.CLK_COR_MAX_LAT,1d,0,10,15,attr,rw,,,,
DRP.CLK_COR_PRECEDENCE,1d,0,9,9,attr,rw,,,,
DRP.CLK_COR_REPEAT_WAIT,1d,0,4,8,attr,rw,,,,
DRP.CLK_COR_SEQ_LEN,1d,0,2,3,attr,rw,,,,
DRP.CHAN_BOND_KEEP_ALIGN,1d,0,0,0,attr,rw,,,,
DRP.CLK_COR_SEQ_1_1,1e,0,0,9,attr,rw,,,,
DRP.CLK_COR_SEQ_1_2,1f,0,0,9,attr,rw,,,,
DRP.CLK_COR_SEQ_1_3,20,0,0,9,attr,rw,,,,
DRP.CLK_COR_SEQ_1_4,21,0,0,9,attr,rw,,,,
DRP.CLK_COR_SEQ_1_ENABLE,22,0,12,15,attr,rw,,,,
DRP.CLK_COR_SEQ_2_1,22,0,0,9,attr,rw,,,,
DRP.CLK_COR_SEQ_2_2,23,0,0,9,attr,rw,,,,
DRP.CLK_COR_SEQ_2_ENABLE,24,0,12,15,attr,rw,,,,
DRP.CLK_COR_SEQ_2_USE,24,0,11,11,attr,rw,,,,
DRP.CLK_CORRECT_USE,24,0,10,10,attr,rw,,,,
DRP.CLK_COR_SEQ_2_3,24,0,0,9,attr,rw,,,,
DRP.CLK_COR_SEQ_2_4,25,0,0,9,attr,rw,,,,
DRP.RXDFE_HE_CFG0,26,0,0,15,attr,rw,,,,
DRP.ALIGN_COMMA_WORD,27,0,13,15,attr,rw,,,,
DRP.ALIGN_COMMA_DOUBLE,27,0,12,12,attr,rw,,,,
DRP.SHOW_REALIGN_COMMA,27,0,11,11,attr,rw,,,,
DRP.ALIGN_COMMA_ENABLE,27,0,0,9,attr,rw,,,,
DRP.CPLL_FBDIV,28,0,8,15,attr,rw,,,,
DRP.CPLL_FBDIV_45,28,0,7,7,attr,rw,,,,
DRP.CPLL_LOCK_CFG,29,0,0,15,attr,rw,,,,
DRP.CPLL_REFCLK_DIV,2a,0,11,15,attr,rw,,,,
DRP.CPLL_IPS_EN,2a,0,10,10,attr,rw,,,,
DRP.CPLL_IPS_REFCLK_SEL,2a,0,7,9,attr,rw,,,,
DRP.SATA_CPLL_CFG,2a,0,5,6,attr,rw,,,,
DRP.A_TXDIFFCTRL,2a,0,0,4,attr,rw,,,,
DRP.CPLL_INIT_CFG0,2b,0,0,15,attr,rw,,,,
DRP.DEC_PCOMMA_DETECT,2c,0,15,15,attr,rw,,,,
DRP.TX_DIVRESET_TIME,2c,0,7,11,attr,rw,,,,
DRP.RX_DIVRESET_TIME,2c,0,2,6,attr,rw,,,,
DRP.A_TXPROGDIVRESET,2c,0,1,1,attr,rw,,,,
DRP.A_RXPROGDIVRESET,2c,0,0,0,attr,rw,,,,
DRP.RXCDR_LOCK_CFG1,2d,0,0,15,attr,rw,,,,
DRP.RXCFOK_CFG1,2e,0,0,15,attr,rw,,,,
DRP.RXDFE_H2_CFG0,2f,0,0,15,attr,rw,,,,
DRP.RXDFE_H2_CFG1,30,0,0,15,attr,rw,,,,
DRP.RXCFOK_CFG2,31,0,0,15,attr,rw,,,,
DRP.RXLPM_CFG,32,0,0,15,attr,rw,,,,
DRP.RXLPM_KH_CFG0,33,0,0,15,attr,rw,,,,
DRP.RXLPM_KH_CFG1,34,0,0,15,attr,rw,,,,
DRP.RXDFELPM_KL_CFG0,35,0,0,15,attr,rw,,,,
DRP.RXDFELPM_KL_CFG1,36,0,0,15,attr,rw,,,,
DRP.RXLPM_OS_CFG0,37,0,0,15,attr,rw,,,,
DRP.RXLPM_OS_CFG1,38,0,0,15,attr,rw,,,,
DRP.RXLPM_GC_CFG,39,0,0,15,attr,rw,,,,
DRP.DMONITOR_CFG1,3a,0,8,15,attr,rw,,,,
DRP.AEN_RXCDR,3a,0,7,7,attr_hidden,rw,,,,
DRP.AEN_CPLL,3a,0,6,6,attr_hidden,rw,,,,
DRP.AEN_RXDFE,3a,0,5,5,attr_hidden,rw,,,,
DRP.AEN_LOOPBACK,3a,0,4,4,attr_hidden,rw,,,,
DRP.AEN_RXDFELPM,3a,0,3,3,attr_hidden,rw,,,,
DRP.AEN_MASTER,3a,0,2,2,attr_hidden,rw,,,,
DRP.AEN_PD_AND_EIDLE,3a,0,1,1,attr_hidden,rw,,,,
DRP.AEN_POLARITY,3a,0,0,0,attr_hidden,rw,,,,
DRP.AEN_ELPCAL,3b,0,15,15,attr_hidden,rw,,,,
DRP.AEN_MUXDCD,3b,0,14,14,attr_hidden,rw,,,,
DRP.AEN_EYESCAN,3b,0,13,13,attr_hidden,rw,,,,
DRP.AEN_RXPLLCLK_SEL,3b,0,12,12,attr_hidden,rw,,,,
DRP.AEN_TXPLLCLK_SEL,3b,0,11,11,attr_hidden,rw,,,,
DRP.AEN_PRBS,3b,0,10,10,attr_hidden,rw,,,,
DRP.AEN_TXPI_PPM,3b,0,9,9,attr_hidden,rw,,,,
DRP.AEN_CDRSTEPSEL,3b,0,8,8,attr_hidden,rw,,,,
DRP.AEN_RXPHDLY,3b,0,7,7,attr_hidden,rw,,,,
DRP.AEN_RESET,3b,0,6,6,attr_hidden,rw,,,,
DRP.AEN_RXOUTCLK_SEL,3b,0,5,5,attr_hidden,rw,,,,
DRP.AEN_RXSYSCLK_SEL,3b,0,4,4,attr_hidden,rw,,,,
DRP.AEN_TXPHDLY,3b,0,3,3,attr_hidden,rw,,,,
DRP.AEN_TX_DRIVE_MODE,3b,0,2,2,attr_hidden,rw,,,,
DRP.AEN_TXOUTCLK_SEL,3b,0,1,1,attr_hidden,rw,,,,
DRP.AEN_TXSYSCLK_SEL,3b,0,0,0,attr_hidden,rw,,,,
DRP.ES_CONTROL,3c,0,10,15,attr,rw,,,,
DRP.ES_ERRDET_EN,3c,0,9,9,attr,rw,,,,
DRP.ES_EYE_SCAN_EN,3c,0,8,8,attr,rw,,,,
DRP.ES_PRESCALE,3c,0,0,4,attr,rw,,,,
DRP.RXDFE_HC_CFG0,3d,0,0,15,attr,rw,,,,
DRP.TX_PROGDIV_CFG,3e,0,0,15,attr,rw,,,,
DRP.ES_QUALIFIER0,3f,0,0,15,attr,rw,,,,
DRP.ES_QUALIFIER1,40,0,0,15,attr,rw,,,,
DRP.ES_QUALIFIER2,41,0,0,15,attr,rw,,,,
DRP.ES_QUALIFIER3,42,0,0,15,attr,rw,,,,
DRP.ES_QUALIFIER4,43,0,0,15,attr,rw,,,,
DRP.ES_QUAL_MASK0,44,0,0,15,attr,rw,,,,
DRP.ES_QUAL_MASK1,45,0,0,15,attr,rw,,,,
DRP.ES_QUAL_MASK2,46,0,0,15,attr,rw,,,,
DRP.ES_QUAL_MASK3,47,0,0,15,attr,rw,,,,
DRP.ES_QUAL_MASK4,48,0,0,15,attr,rw,,,,
DRP.ES_SDATA_MASK0,49,0,0,15,attr,rw,,,,
DRP.ES_SDATA_MASK1,4a,0,0,15,attr,rw,,,,
DRP.ES_SDATA_MASK2,4b,0,0,15,attr,rw,,,,
DRP.ES_SDATA_MASK3,4c,0,0,15,attr,rw,,,,
DRP.ES_SDATA_MASK4,4d,0,0,15,attr,rw,,,,
DRP.FTS_LANE_DESKEW_EN,4e,0,4,4,attr,rw,,,,
DRP.FTS_DESKEW_SEQ_ENABLE,4e,0,0,3,attr,rw,,,,
DRP.ES_HORZ_OFFSET,4f,0,4,15,attr,rw,,,,
DRP.FTS_LANE_DESKEW_CFG,4f,0,0,3,attr,rw,,,,
DRP.RXDFE_HC_CFG1,50,0,0,15,attr,rw,,,,
DRP.GEN_RXUSRCLK,51,0,15,15,attr_hidden,rw,,,,
DRP.GEN_TXUSRCLK,51,0,14,14,attr_hidden,rw,,,,
DRP.GT_INSTANTIATED,51,0,13,13,attr_hidden,rw,,,,
DRP.ES_PMA_CFG,51,0,0,9,attr,rw,,,,
DRP.RX_EN_HI_LR,52,0,10,10,attr,rw,,,,
DRP.RX_DFE_AGC_CFG1,52,0,2,4,attr,rw,,,,
DRP.RX_DFE_AGC_CFG0,52,0,0,1,attr,rw,,,,
DRP.RXDFE_CFG0,53,0,0,15,attr,rw,,,,
DRP.RXDFE_CFG1,54,0,0,15,attr,rw,,,,
DRP.LOCAL_MASTER,55,0,13,13,attr,rw,,,,
DRP.PCS_PCIE_EN,55,0,12,12,attr,rw,,,,
DRP.ALIGN_MCOMMA_DET,55,0,10,10,attr,rw,,,,
DRP.ALIGN_MCOMMA_VALUE,55,0,0,9,attr,rw,,,,
DRP.A_RXDFETAP6HOLD,56,0,15,15,attr_hidden,rw,,,,
DRP.A_RXDFETAP6OVRDEN,56,0,14,14,attr_hidden,rw,,,,
DRP.A_RXDFETAP7HOLD,56,0,13,13,attr_hidden,rw,,,,
DRP.A_RXDFETAP7OVRDEN,56,0,12,12,attr_hidden,rw,,,,
DRP.ALIGN_PCOMMA_DET,56,0,10,10,attr,rw,,,,
DRP.ALIGN_PCOMMA_VALUE,56,0,0,9,attr,rw,,,,
DRP.TXDLY_LCFG,57,0,0,15,attr,rw,,,,
DRP.RXDFE_OS_CFG0,58,0,0,15,attr,rw,,,,
DRP.RXPHDLY_CFG,59,0,0,15,attr,rw,,,,
DRP.RXDFE_OS_CFG1,5a,0,0,15,attr,rw,,,,
DRP.RXDLY_CFG,5b,0,0,15,attr,rw,,,,
DRP.RXDLY_LCFG,5c,0,0,15,attr,rw,,,,
DRP.RXDFE_HF_CFG0,5d,0,0,15,attr,rw,,,,
DRP.RXDFE_HD_CFG0,5e,0,0,15,attr,rw,,,,
DRP.RX_BIAS_CFG0,5f,0,0,15,attr,rw,,,,
DRP.PCS_RSVD0,60,0,0,15,attr,rw,,,,
DRP.RXPH_MONITOR_SEL,61,0,11,15,attr,rw,,,,
DRP.RX_CM_BUF_PD,61,0,10,10,attr,rw,,,,
DRP.RX_CM_BUF_CFG,61,0,6,9,attr,rw,,,,
DRP.RX_CM_TRIM,61,0,2,5,attr,rw,,,,
DRP.RX_CM_SEL,61,0,0,1,attr,rw,,,,
DRP.RX_SUM_DFETAPREP_EN,62,0,14,14,attr,rw,,,,
DRP.RX_SUM_VCM_OVWR,62,0,13,13,attr,rw,,,,
DRP.RX_SUM_IREF_TUNE,62,0,9,12,attr,rw,,,,
DRP.RX_SUM_VCMTUNE,62,0,3,6,attr,rw,,,,
DRP.RX_SUM_VREF_TUNE,62,0,0,2,attr,rw,,,,
DRP.CBCC_DATA_SOURCE_SEL,63,0,15,15,attr,rw,,,,
DRP.OOB_PWRUP,63,0,14,14,attr,rw,,,,
DRP.RXOOB_CFG,63,0,5,13,attr,rw,,,,
DRP.RXPLL_SEL,63,0,3,4,attr_hidden,rw,,,,
DRP.RXOUT_DIV,63,0,0,2,attr,rw,,,,
DRP.RX_SIG_VALID_DLY,64,0,11,15,attr,rw,,,,
DRP.RXSLIDE_MODE,64,0,9,10,attr,rw,,,,
DRP.RXPRBS_ERR_LOOPBACK,64,0,8,8,attr,rw,,,,
DRP.RXSLIDE_AUTO_WAIT,64,0,4,7,attr,rw,,,,
DRP.RXBUF_EN,64,0,3,3,attr,rw,,,,
DRP.RX_XCLK_SEL,64,0,1,2,attr,rw,,,,
DRP.RXGEARBOX_EN,64,0,0,0,attr,rw,,,,
DRP.RXBUF_THRESH_OVFLW,65,0,10,15,attr,rw,,,,
DRP.DMONITOR_CFG0,65,0,0,9,attr,rw,,,,
DRP.RXBUF_THRESH_OVRD,66,0,15,15,attr,rw,,,,
DRP.RXBUF_RESET_ON_COMMAALIGN,66,0,14,14,attr,rw,,,,
DRP.RXBUF_RESET_ON_RATE_CHANGE,66,0,13,13,attr,rw,,,,
DRP.RXBUF_RESET_ON_CB_CHANGE,66,0,12,12,attr,rw,,,,
DRP.RXBUF_THRESH_UNDFLW,66,0,6,11,attr,rw,,,,
DRP.RX_CLKMUX_EN,66,0,5,5,attr,rw,,,,
DRP.RX_DISPERR_SEQ_MATCH,66,0,4,4,attr,rw,,,,
DRP.RX_WIDEMODE_CDR,66,0,2,3,attr,rw,,,,
DRP.RX_INT_DATAWIDTH,66,0,0,1,attr,rw,,,,
DRP.RXBUF_EIDLE_HI_CNT,67,0,12,15,attr,rw,,,,
DRP.RXCDR_HOLD_DURING_EIDLE,67,0,11,11,attr,rw,,,,
DRP.RX_DFE_LPM_HOLD_DURING_EIDLE,67,0,10,10,attr,rw,,,,
DRP.RXBUF_EIDLE_LO_CNT,67,0,4,7,attr,rw,,,,
DRP.RXBUF_RESET_ON_EIDLE,67,0,3,3,attr,rw,,,,
DRP.RXCDR_FR_RESET_ON_EIDLE,67,0,2,2,attr,rw,,,,
DRP.RXCDR_PH_RESET_ON_EIDLE,67,0,1,1,attr,rw,,,,
DRP.RXBUF_ADDR_MODE,67,0,0,0,attr,rw,,,,
DRP.SATA_BURST_VAL,68,0,13,15,attr,rw,,,,
DRP.SATA_BURST_SEQ_LEN,68,0,4,7,attr,rw,,,,
DRP.SATA_EIDLE_VAL,68,0,0,2,attr,rw,,,,
DRP.SATA_MIN_BURST,69,0,10,15,attr,rw,,,,
DRP.SAS_MIN_COM,69,0,1,6,attr,rw,,,,
DRP.SATA_MIN_INIT,6a,0,10,15,attr,rw,,,,
DRP.SATA_MIN_WAKE,6a,0,1,6,attr,rw,,,,
DRP.SATA_MAX_BURST,6b,0,10,15,attr,rw,,,,
DRP.SAS_MAX_COM,6b,0,0,6,attr,rw,,,,
DRP.SATA_MAX_INIT,6c,0,10,15,attr,rw,,,,
DRP.SATA_MAX_WAKE,6c,0,1,6,attr,rw,,,,
DRP.RX_CLK25_DIV,6d,0,3,7,attr,rw,,,,
DRP.TXPHDLY_CFG0,6e,0,0,15,attr,rw,,,,
DRP.TXPHDLY_CFG1,6f,0,0,15,attr,rw,,,,
DRP.TXDLY_CFG,70,0,0,15,attr,rw,,,,
DRP.TXPH_MONITOR_SEL,71,0,2,6,attr,rw,,,,
DRP.TAPDLY_SET_TX,71,0,0,1,attr,rw,,,,
DRP.RXCDR_LOCK_CFG2,72,0,0,15,attr,rw,,,,
DRP.TXPH_CFG,73,0,0,15,attr,rw,,,,
DRP.TERM_RCAL_CFG,74,0,0,14,attr,rw,,,,
DRP.RXDFE_HF_CFG1,75,0,0,15,attr,rw,,,,
DRP.PD_TRANS_TIME_FROM_P2,76,0,4,15,attr,rw,,,,
DRP.TERM_RCAL_OVRD,76,0,1,3,attr,rw,,,,
DRP.PD_TRANS_TIME_NONE_P2,77,0,8,15,attr,rw,,,,
DRP.PD_TRANS_TIME_TO_P2,77,0,0,7,attr,rw,,,,
DRP.TRANS_TIME_RATE,78,0,8,15,attr,rw,,,,
DRP.TST_RSV0,79,0,8,15,attr,rw,,,,
DRP.TST_RSV1,79,0,0,7,attr,rw,,,,
DRP.TX_CLK25_DIV,7a,0,11,15,attr,rw,,,,
DRP.TX_XCLK_SEL,7a,0,10,10,attr,rw,,,,
DRP.TX_DATA_WIDTH,7a,0,0,3,attr,rw,,,,
DRP.TX_DEEMPH0,7b,0,10,15,attr,rw,,,,
DRP.TX_DEEMPH1,7b,0,2,7,attr,rw,,,,
DRP.TX_MAINCURSOR_SEL,7c,0,14,14,attr,rw,,,,
DRP.TXGEARBOX_EN,7c,0,13,13,attr,rw,,,,
DRP.TXOUT_DIV,7c,0,8,10,attr,rw,,,,
DRP.TXBUF_EN,7c,0,7,7,attr,rw,,,,
DRP.TXBUF_RESET_ON_RATE_CHANGE,7c,0,6,6,attr,rw,,,,
DRP.TX_RXDETECT_REF,7c,0,3,5,attr,rw,,,,
DRP.TXFIFO_ADDR_CFG,7c,0,2,2,attr,rw,,,,
DRP.TX_RXDETECT_CFG,7d,0,2,15,attr,rw,,,,
DRP.TX_CLKMUX_EN,7e,0,15,15,attr,rw,,,,
DRP.TX_LOOPBACK_DRIVE_HIZ,7e,0,14,14,attr,rw,,,,
DRP.TXOUTCLKPCS_SEL,7e,0,13,13,attr_hidden,rw,,,,
DRP.TX_DRIVE_MODE,7e,0,8,12,attr,rw,,,,
DRP.TX_EIDLE_ASSERT_DELAY,7e,0,5,7,attr,rw,,,,
DRP.TX_EIDLE_DEASSERT_DELAY,7e,0,2,4,attr,rw,,,,
DRP.TX_MARGIN_FULL_0,7f,0,9,15,attr,rw,,,,
DRP.TX_MARGIN_FULL_1,7f,0,1,7,attr,rw,,,,
DRP.TX_MARGIN_FULL_2,80,0,9,15,attr,rw,,,,
DRP.TX_MARGIN_FULL_3,80,0,1,7,attr,rw,,,,
DRP.TX_MARGIN_FULL_4,81,0,9,15,attr,rw,,,,
DRP.TX_MARGIN_LOW_0,81,0,1,7,attr,rw,,,,
DRP.TX_MARGIN_LOW_1,82,0,9,15,attr,rw,,,,
DRP.TX_MARGIN_LOW_2,82,0,1,7,attr,rw,,,,
DRP.TX_MARGIN_LOW_3,83,0,9,15,attr,rw,,,,
DRP.TX_MARGIN_LOW_4,83,0,1,7,attr,rw,,,,
DRP.RXDFE_HD_CFG1,84,0,0,15,attr,rw,,,,
DRP.TX_INT_DATAWIDTH,85,0,10,11,attr,rw,,,,
DRP.TX_USERPATTERN_DATA0,85,0,0,9,attr_hidden,rw,,,,
DRP.TX_USERPATTERN_DATA1,86,0,0,9,attr_hidden,rw,,,,
DRP.TX_USERPATTERN_DATA2,87,0,0,9,attr_hidden,rw,,,,
DRP.TX_USERPATTERN_DATA3,88,0,0,9,attr_hidden,rw,,,,
DRP.RXPRBS_LINKACQ_CNT,89,0,0,7,attr,rw,,,,
DRP.TX_PMADATA_OPT,8a,0,15,15,attr,rw,,,,
DRP.RXSYNC_OVRD,8a,0,14,14,attr,rw,,,,
DRP.TXSYNC_OVRD,8a,0,13,13,attr,rw,,,,
DRP.TX_IDLE_DATA_ZERO,8a,0,12,12,attr,rw,,,,
DRP.A_RXOSCALRESET,8a,0,11,11,attr,rw,,,,
DRP.RXOOB_CLK_CFG,8a,0,10,10,attr,rw,,,,
DRP.TXSYNC_SKIP_DA,8a,0,9,9,attr,rw,,,,
DRP.RXSYNC_SKIP_DA,8a,0,8,8,attr,rw,,,,
DRP.RXCFOKDONE_SRC,8a,0,5,6,attr,rw,,,,
DRP.RXOSCALRESET_TIME,8a,0,0,4,attr,rw,,,,
DRP.TXSYNC_MULTILANE,8b,0,10,10,attr,rw,,,,
DRP.RXSYNC_MULTILANE,8b,0,9,9,attr,rw,,,,
DRP.ACJTAG_MODE,8c,0,15,15,attr,rw,,,,
DRP.ACJTAG_DEBUG_MODE,8c,0,14,14,attr,rw,,,,
DRP.ACJTAG_RESET,8c,0,13,13,attr,rw,,,,
DRP.RESET_POWERSAVE_DISABLE,8c,0,12,12,attr,rw,,,,
DRP.RX_TUNE_AFE_OS,8c,0,10,11,attr,rw,,,,
DRP.RX_DFE_KL_LPM_KL_CFG0,8c,0,8,9,attr,rw,,,,
DRP.RX_DFE_KL_LPM_KL_CFG1,8c,0,5,7,attr,rw,,,,
DRP.RXDFELPM_KL_CFG2,8d,0,0,15,attr,rw,,,,
DRP.RXDFE_VP_CFG0,8e,0,0,15,attr,rw,,,,
DRP.RXDFE_VP_CFG1,8f,0,0,15,attr,rw,,,,
DRP.RXDFE_UT_CFG1,90,0,0,15,attr,rw,,,,
DRP.ADAPT_CFG0,91,0,0,15,attr,rw,,,,
DRP.ADAPT_CFG1,92,0,0,15,attr,rw,,,,
DRP.RXCFOK_CFG0,93,0,0,15,attr,rw,,,,
DRP.A_RXDFECFOKFEN,94,0,15,15,attr_hidden,rw,,,,
DRP.A_DFECFOKFPULSE,94,0,14,14,attr_hidden,rw,,,,
DRP.A_DFECFOKHOLD,94,0,13,13,attr_hidden,rw,,,,
DRP.A_DFECFOKOVREN,94,0,12,12,attr_hidden,rw,,,,
DRP.ES_CLK_PHASE_SEL,94,0,11,11,attr,rw,,,,
DRP.USE_PCS_CLK_PHASE_SEL,94,0,10,10,attr,rw,,,,
DRP.A_LPMGCHOLD,94,0,3,3,attr_hidden,rw,,,,
DRP.A_LPMGCOVREN,94,0,2,2,attr_hidden,rw,,,,
DRP.A_LPMOSHOLD,94,0,1,1,attr_hidden,rw,,,,
DRP.A_LPMOSOVREN,94,0,0,0,attr_hidden,rw,,,,
DRP.PMA_RSV1,95,0,0,15,attr,rw,,,,
DRP.A_DFECFOKFCDAC,96,0,8,13,attr_hidden,rw,,,,
DRP.A_DFECFOKFCNUM,96,0,4,7,attr_hidden,rw,,,,
DRP.A_AFECFOKEN,96,0,3,3,attr_hidden,rw,,,,
DRP.RX_AFE_CM_EN,97,0,12,12,attr,rw,,,,
DRP.RX_CAPFF_SARC_ENB,97,0,11,11,attr,rw,,,,
DRP.RX_EYESCAN_VS_NEG_DIR,97,0,10,10,attr,rw,,,,
DRP.RX_EYESCAN_VS_UT_SIGN,97,0,9,9,attr,rw,,,,
DRP.RX_EYESCAN_VS_CODE,97,0,2,8,attr,rw,,,,
DRP.RX_EYESCAN_VS_RANGE,97,0,0,1,attr,rw,,,,
DRP.RXDFE_HE_CFG1,98,0,0,15,attr,rw,,,,
DRP.GEARBOX_MODE,99,0,11,15,attr,rw,,,,
DRP.TXPI_SYNFREQ_PPM,99,0,8,10,attr,rw,,,,
DRP.TXPI_PPMCLK_SEL,99,0,7,7,attr,rw,,,,
DRP.TXPI_INVSTROBE_SEL,99,0,6,6,attr,rw,,,,
DRP.TXPI_GRAY_SEL,99,0,5,5,attr,rw,,,,
DRP.A_TXPIPPMPD,99,0,4,4,attr_hidden,rw,,,,
DRP.TXPI_LPM,99,0,3,3,attr,rw,,,,
DRP.TXPI_VREFSEL,99,0,2,2,attr,rw,,,,
DRP.TXPI_PPM_CFG,9a,0,0,7,attr,rw,,,,
DRP.RX_DFELPM_KLKH_AGC_STUP_EN,9b,0,15,15,attr,rw,,,,
DRP.RX_DFELPM_CFG0,9b,0,11,14,attr,rw,,,,
DRP.RX_DFELPM_CFG1,9b,0,10,10,attr,rw,,,,
DRP.RX_DFE_KL_LPM_KH_CFG0,9b,0,8,9,attr,rw,,,,
DRP.RX_DFE_KL_LPM_KH_CFG1,9b,0,5,7,attr,rw,,,,
DRP.A_TXPIPPMSEL,9c,0,14,14,attr_hidden,rw,,,,
DRP.A_TXPIPPMOVRDEN,9c,0,13,13,attr_hidden,rw,,,,
DRP.TXPI_CFG0,9c,0,11,12,attr,rw,,,,
DRP.TXPI_CFG1,9c,0,9,10,attr,rw,,,,
DRP.TXPI_CFG2,9c,0,7,8,attr,rw,,,,
DRP.TXPI_CFG3,9c,0,6,6,attr,rw,,,,
DRP.TXPI_CFG4,9c,0,5,5,attr,rw,,,,
DRP.TXPI_CFG5,9c,0,2,4,attr,rw,,,,
DRP.RXPI_CFG,9d,0,0,15,attr,rw,,,,
DRP.RXDFE_UT_CFG0,9e,0,0,15,attr,rw,,,,
DRP.RXDFE_GC_CFG0,9f,0,0,15,attr,rw,,,,
DRP.RXDFE_GC_CFG1,a0,0,0,15,attr,rw,,,,
DRP.RXDFE_GC_CFG2,a1,0,0,15,attr,rw,,,,
DRP.RXCDR_CFG0_GEN3,a2,0,0,15,attr,rw,,,,
DRP.RXCDR_CFG1_GEN3,a3,0,0,15,attr,rw,,,,
DRP.RXCDR_CFG2_GEN3,a4,0,0,15,attr,rw,,,,
DRP.RXCDR_CFG3_GEN3,a5,0,0,15,attr,rw,,,,
DRP.RXCDR_CFG4_GEN3,a6,0,0,15,attr,rw,,,,
DRP.RXCDR_CFG5_GEN3,a7,0,0,15,attr,rw,,,,
DRP.RXCDR_CFG5,a8,0,0,15,attr,rw,,,,
DRP.PCIE_RXPMA_CFG,a9,0,0,15,attr,rw,,,,
DRP.PCIE_TXPCS_CFG_GEN3,aa,0,0,15,attr,rw,,,,
DRP.PCIE_TXPMA_CFG,ab,0,0,15,attr,rw,,,,
DRP.A_RXDFETAP8HOLD,ac,0,15,15,attr_hidden,rw,,,,
DRP.A_RXDFETAP8OVRDEN,ac,0,14,14,attr_hidden,rw,,,,
DRP.A_RXDFETAP9HOLD,ac,0,13,13,attr_hidden,rw,,,,
DRP.A_RXDFETAP9OVRDEN,ac,0,12,12,attr_hidden,rw,,,,
DRP.A_RXDFETAP10HOLD,ac,0,11,11,attr_hidden,rw,,,,
DRP.A_RXDFETAP10OVRDEN,ac,0,10,10,attr_hidden,rw,,,,
DRP.A_RXDFETAP11HOLD,ac,0,9,9,attr_hidden,rw,,,,
DRP.A_RXDFETAP11OVRDEN,ac,0,8,8,attr_hidden,rw,,,,
DRP.RX_CLK_SLIP_OVRD,ac,0,3,7,attr,rw,,,,
DRP.PCS_RSVD1,ac,0,0,2,attr,rw,,,,
DRP.PLL_SEL_MODE_GEN3,ad,0,11,12,attr,rw,,,,
DRP.PLL_SEL_MODE_GEN12,ad,0,9,10,attr,rw,,,,
DRP.RATE_SW_USE_DRP,ad,0,8,8,attr,rw,,,,
DRP.RXPI_LPM,ad,0,3,3,attr,rw,,,,
DRP.RXPI_VREFSEL,ad,0,2,2,attr,rw,,,,
DRP.RXPI_SEL_LC,ad,0,0,1,attr,rw,,,,
DRP.RXDFE_H3_CFG0,ae,0,0,15,attr,rw,,,,
DRP.DFE_D_X_REL_POS,af,0,15,15,attr,rw,,,,
DRP.DFE_VCM_COMP_EN,af,0,14,14,attr,rw,,,,
DRP.GM_BIAS_SELECT,af,0,13,13,attr,rw,,,,
DRP.EVODD_PHI_CFG,af,0,0,10,attr,rw,,,,
DRP.RXDFE_H3_CFG1,b0,0,0,15,attr,rw,,,,
DRP.RXDFE_H4_CFG0,b1,0,0,15,attr,rw,,,,
DRP.RXDFE_H4_CFG1,b2,0,0,15,attr,rw,,,,
DRP.RXDFE_H5_CFG0,b3,0,0,15,attr,rw,,,,
DRP.PROCESS_PAR,b4,0,13,15,attr,rw,,,,
DRP.TEMPERATURE_PAR,b4,0,8,11,attr,rw,,,,
DRP.TX_MODE_SEL,b4,0,5,7,attr,rw,,,,
DRP.TX_SARC_LPBK_ENB,b4,0,4,4,attr,rw,,,,
DRP.RXDFE_H5_CFG1,b5,0,0,15,attr,rw,,,,
DRP.TX_DCD_CFG,b6,0,10,15,attr,rw,,,,
DRP.TX_DCD_EN,b6,0,9,9,attr,rw,,,,
DRP.TX_EML_PHI_TUNE,b6,0,8,8,attr,rw,,,,
DRP.CPLL_CFG3,b6,0,0,5,attr,rw,,,,
DRP.RXDFE_H6_CFG0,b7,0,0,15,attr,rw,,,,
DRP.RXDFE_H6_CFG1,b8,0,0,15,attr,rw,,,,
DRP.RXDFE_H7_CFG0,b9,0,0,15,attr,rw,,,,
DRP.DDI_REALIGN_WAIT,ba,0,2,6,attr,rw,,,,
DRP.DDI_CTRL,ba,0,0,1,attr,rw,,,,
DRP.TXGBOX_FIFO_INIT_RD_ADDR,bb,0,9,11,attr,rw,,,,
DRP.TX_SAMPLE_PERIOD,bb,0,6,8,attr,rw,,,,
DRP.RXGBOX_FIFO_INIT_RD_ADDR,bb,0,3,5,attr,rw,,,,
DRP.RX_SAMPLE_PERIOD,bb,0,0,2,attr,rw,,,,
DRP.CPLL_CFG2,bc,0,0,15,attr,rw,,,,
DRP.RXPHSAMP_CFG,bd,0,0,15,attr,rw,,,,
DRP.RXPHSLIP_CFG,be,0,0,15,attr,rw,,,,
DRP.RXPHBEACON_CFG,bf,0,0,15,attr,rw,,,,
DRP.RXDFE_H7_CFG1,c0,0,0,15,attr,rw,,,,
DRP.RXDFE_H8_CFG0,c1,0,0,15,attr,rw,,,,
DRP.RXDFE_H8_CFG1,c2,0,0,15,attr,rw,,,,
DRP.PCIE_BUFG_DIV_CTRL,c3,0,0,15,attr,rw,,,,
DRP.PCIE_RXPCS_CFG_GEN3,c4,0,0,15,attr,rw,,,,
DRP.RXDFE_H9_CFG0,c5,0,0,15,attr,rw,,,,
DRP.RX_PROGDIV_CFG,c6,0,0,15,attr,rw,,,,
DRP.RXDFE_H9_CFG1,c7,0,0,15,attr,rw,,,,
DRP.RXDFE_HA_CFG0,c8,0,0,15,attr,rw,,,,
DRP.A_TXPOSTCURSOR,c9,0,11,15,attr_hidden,rw,,,,
DRP.A_TXPRECURSOR,c9,0,6,10,attr_hidden,rw,,,,
DRP.A_TXSWING,c9,0,5,5,attr_hidden,rw,,,,
DRP.A_TXBUFDIFFCTRL,c9,0,0,2,attr_hidden,rw,,,,
DRP.CHAN_BOND_SEQ_1_2,ca,0,0,9,attr,rw,,,,
DRP.CPLL_CFG0,cb,0,0,15,attr,rw,,,,
DRP.CPLL_CFG1,cc,0,0,15,attr,rw,,,,
DRP.CPLL_INIT_CFG1,cd,0,8,15,attr,rw,,,,
DRP.RX_DDI_SEL,cd,0,2,7,attr,rw,,,,
DRP.DEC_VALID_COMMA_ONLY,cd,0,1,1,attr,rw,,,,
DRP.DEC_MCOMMA_DETECT,cd,0,0,0,attr,rw,,,,
DRP.RXDFE_HA_CFG1,ce,0,0,15,attr,rw,,,,
DRP.RXDFE_HB_CFG0,cf,0,0,15,attr,rw,,,,
DRP.RX_RESLOAD_OVRD,d0,0,8,8,attr,rw,,,,
DRP.RX_DEGEN_CTRL,d0,0,4,6,attr,rw,,,,
DRP.RX_RESLOAD_CTRL,d0,0,0,3,attr,rw,,,,
DRP.RX_EN_CTLE_RCAL_B,d1,0,12,12,attr,rw,,,,
DRP.RX_EXT_RL_CTRL,d1,0,3,11,attr,rw,,,,
DRP.RX_CTLE1_KHKL,d1,0,2,2,attr,rw,,,,
DRP.RX_CTLE2_KHKL,d1,0,1,1,attr,rw,,,,
DRP.RX_CTLE3_AGC,d1,0,0,0,attr,rw,,,,
DRP.LPBK_EN_RCAL_B,d3,0,13,13,attr,rw,,,,
DRP.LPBK_BIAS_CTRL,d3,0,2,4,attr,rw,,,,
DRP.RX_XMODE_SEL,d3,0,1,1,attr,rw,,,,
DRP.ISCAN_CK_PH_SEL2,d3,0,0,0,attr,rw,,,,
DRP.LPBK_RG_CTRL,d4,0,7,10,attr,rw,,,,
DRP.TX_PI_SEL_QPLL1,d4,0,6,6,attr,rw,,,,
DRP.TX_PI_SEL_QPLL0,d4,0,5,5,attr,rw,,,,
DRP.CKCAL1_CFG_0,d5,0,0,15,attr,rw,,,,
DRP.CKCAL1_CFG_1,d6,0,0,15,attr,rw,,,,
DRP.CKCAL2_CFG_0,d7,0,0,15,attr,rw,,,,
DRP.CKCAL2_CFG_1,d8,0,0,15,attr,rw,,,,
DRP.CKCAL2_CFG_2,d9,0,0,15,attr,rw,,,,
DRP.ADAPT_CFG2,da,0,0,15,attr,rw,,,,
DRP.RXCDR_LOCK_CFG3,db,0,0,15,attr,rw,,,,
DRP.A_RXDFETAP12HOLD,dc,0,7,7,attr_hidden,rw,,,,
DRP.A_RXDFETAP12OVRDEN,dc,0,6,6,attr_hidden,rw,,,,
DRP.A_RXDFETAP13HOLD,dc,0,5,5,attr_hidden,rw,,,,
DRP.A_RXDFETAP13OVRDEN,dc,0,4,4,attr_hidden,rw,,,,
DRP.A_RXDFETAP14HOLD,dc,0,3,3,attr_hidden,rw,,,,
DRP.A_RXDFETAP14OVRDEN,dc,0,2,2,attr_hidden,rw,,,,
DRP.A_RXDFETAP15HOLD,dc,0,1,1,attr_hidden,rw,,,,
DRP.A_RXDFETAP15OVRDEN,dc,0,0,0,attr_hidden,rw,,,,
DRP.A_ELPCALDVORWREN,dd,0,3,3,attr_hidden,rw,,,,
DRP.A_ELPCALPAORWREN,dd,0,2,2,attr_hidden,rw,,,,
DRP.A_MUXDCDORWREN,dd,0,1,1,attr_hidden,rw,,,,
DRP.A_MUXDCDEXHOLD,dd,0,0,0,attr_hidden,rw,,,,
DRP.TXPH_CFG2,de,0,0,15,attr,rw,,,,
DRP.AUTO_BW_SEL_BYPASS,df,0,0,0,attr,rw,,,,
DRP.RXDFE_PWR_SAVING,e0,0,9,9,attr,rw,,,,
DRP.CTLE3_OCAP_EXT_CTRL,e0,0,6,8,attr,rw,,,,
DRP.CTLE3_OCAP_EXT_EN,e0,0,5,5,attr,rw,,,,
DRP.RXPI_STARTCODE,e0,0,0,1,attr,rw,,,,
DRP.CAPBYPASS_FORCE,e1,0,0,0,attr,rw,,,,
DRP.TX_PREDRV_CTRL,e2,0,6,7,attr,rw,,,,
DRP.TX_DRVMUX_CTRL,e2,0,4,5,attr,rw,,,,
DRP.TX_CLKREG_SET,e2,0,1,3,attr,rw,,,,
DRP.TX_CLKREG_PDB,e2,0,0,0,attr,rw,,,,
DRP.TX_USERPATTERN_DATA4,e3,0,0,9,attr_hidden,rw,,,,
DRP.TX_USERPATTERN_DATA5,e4,0,0,9,attr_hidden,rw,,,,
DRP.TX_USERPATTERN_DATA6,e5,0,0,9,attr_hidden,rw,,,,
DRP.TX_USERPATTERN_DATA7,e6,0,0,9,attr_hidden,rw,,,,
DRP.ES_QUALIFIER5,e7,0,0,15,attr,rw,,,,
DRP.ES_QUALIFIER6,e8,0,0,15,attr,rw,,,,
DRP.ES_QUALIFIER7,e9,0,0,15,attr,rw,,,,
DRP.ES_QUALIFIER8,ea,0,0,15,attr,rw,,,,
DRP.ES_QUALIFIER9,eb,0,0,15,attr,rw,,,,
DRP.ES_QUAL_MASK5,ec,0,0,15,attr,rw,,,,
DRP.ES_QUAL_MASK6,ed,0,0,15,attr,rw,,,,
DRP.ES_QUAL_MASK7,ee,0,0,15,attr,rw,,,,
DRP.ES_QUAL_MASK8,ef,0,0,15,attr,rw,,,,
DRP.ES_QUAL_MASK9,f0,0,0,15,attr,rw,,,,
DRP.ES_SDATA_MASK5,f1,0,0,15,attr,rw,,,,
DRP.ES_SDATA_MASK6,f2,0,0,15,attr,rw,,,,
DRP.ES_SDATA_MASK7,f3,0,0,15,attr,rw,,,,
DRP.ES_SDATA_MASK8,f4,0,0,15,attr,rw,,,,
DRP.ES_SDATA_MASK9,f5,0,0,15,attr,rw,,,,
DRP.CKCAL1_CFG_2,f6,0,0,15,attr,rw,,,,
DRP.CKCAL1_CFG_3,f7,0,0,15,attr,rw,,,,
DRP.CKCAL2_CFG_3,f8,0,0,15,attr,rw,,,,
DRP.CKCAL2_CFG_4,f9,0,0,15,attr,rw,,,,
DRP.RX_DIV2_MODE_B,fa,0,5,5,attr,rw,,,,
DRP.RXPI_AUTO_BW_SEL_BYPASS,fa,0,4,4,attr,rw,,,,
DRP.RX_VREG_CTRL,fa,0,1,3,attr,rw,,,,
DRP.RX_VREG_PDB,fa,0,0,0,attr,rw,,,,
DRP.LPBK_EXT_RCAL,fb,0,6,9,attr,rw,,,,
DRP.PREIQ_FREQ_BST,fb,0,4,5,attr,rw,,,,
DRP.TX_FIFO_BYP_EN,fb,0,3,3,attr,rw,,,,
DRP.TX_PI_BIASSET,fb,0,1,2,attr,rw,,,,
DRP.TX_PI_DIV2_MODE_B,fb,0,0,0,attr,rw,,,,
DRP.TX_PHICAL_CFG0,fc,0,0,15,attr,rw,,,,
DRP.TX_PHICAL_CFG1,fd,0,0,15,attr,rw,,,,
DRP.TX_PHICAL_CFG2,fe,0,0,15,attr,rw,,,,
DRP.TX_PI_CFG0,ff,0,0,15,attr,rw,,,,
DRP.TX_PI_CFG1,100,0,0,15,attr,rw,,,,
DRP.PMA_RSV0,101,0,0,15,attr,rw,,,,
DRP.RXPI_RSV0,102,0,0,15,attr,rw,,,,
DRP.RX_PROGDIV_RATE,103,0,0,15,attr,rw,,,,
DRP.TXPI_RSV0,104,0,0,15,attr,rw,,,,
DRP.TX_PROGDIV_RATE,105,0,0,15,attr,rw,,,,
DRP.LOOP0_CFG,106,0,0,15,attr,rw,,,,
DRP.LOOP1_CFG,107,0,0,15,attr,rw,,,,
DRP.LOOP2_CFG,108,0,0,15,attr,rw,,,,
DRP.LOOP3_CFG,109,0,0,15,attr,rw,,,,
DRP.LOOP4_CFG,10a,0,0,15,attr,rw,,,,
DRP.LOOP5_CFG,10b,0,0,15,attr,rw,,,,
DRP.LOOP6_CFG,10c,0,0,15,attr,rw,,,,
DRP.LOOP7_CFG,10d,0,0,15,attr,rw,,,,
DRP.LOOP8_CFG,10e,0,0,15,attr,rw,,,,
DRP.LOOP9_CFG,10f,0,0,15,attr,rw,,,,
DRP.LOOP10_CFG,110,0,0,15,attr,rw,,,,
DRP.LOOP11_CFG,111,0,0,15,attr,rw,,,,
DRP.LOOP12_CFG,112,0,0,15,attr,rw,,,,
DRP.LOOP13_CFG,113,0,0,15,attr,rw,,,,
DRP.CKCAL_RSVD0,114,0,0,15,attr,rw,,,,
DRP.CKCAL_RSVD1,115,0,0,15,attr,rw,,,,
DRP.CH_HSPMUX,116,0,0,15,attr,rw,,,,
DRP.DO_FROM_EB_THRESHOLDS,22f,0,0,15,attr_hidden,rw,,,,
DRP.DO_FROM_EB_LATENCY,230,0,0,15,attr_hidden,rw,,,,
DRP.DO_FROM_EB_RD_ADDR_32,231,0,0,15,attr_hidden,rw,,,,
DRP.DO_FROM_EB_RD_ADDR_10,232,0,0,15,attr_hidden,rw,,,,
DRP.DO_FROM_EB_SKEWS,233,0,0,15,attr_hidden,rw,,,,
DRP.DO_FROM_EB_SYNC_PTS,234,0,0,15,attr_hidden,rw,,,,
DRP.DO_FROM_EB_SEARCH_PTS,235,0,0,15,attr_hidden,rw,,,,
DRP.DO_FROM_EB_FTS_INFO,236,0,0,15,attr_hidden,rw,,,,
DRP.DO_FROM_EB_WR_ADDR,237,0,0,15,attr_hidden,rw,,,,
DRP.COE_STATUS_OCA_SEL,250,0,0,15,attr_hidden,rw,,,,
DRP.ES_CONTROL_STATUS,253,0,0,3,attr,r,,,,
DRP.ES_ERROR_COUNT,251,0,0,15,attr,r,,,,
DRP.ES_SAMPLE_COUNT,252,0,0,15,attr,r,,,,
DRP.ES_RDATA_BYTE4,254,0,0,15,attr,r,,,,
DRP.ES_RDATA_BYTE3,255,0,0,15,attr,r,,,,
DRP.ES_RDATA_BYTE2,256,0,0,15,attr,r,,,,
DRP.ES_RDATA_BYTE1,257,0,0,15,attr,r,,,,
DRP.ES_RDATA_BYTE0,258,0,0,15,attr,r,,,,
DRP.ES_SDATA_BYTE4,259,0,0,15,attr,r,,,,
DRP.ES_SDATA_BYTE3,25A,0,0,15,attr,r,,,,
DRP.ES_SDATA_BYTE2,25B,0,0,15,attr,r,,,,
DRP.ES_SDATA_BYTE1,25C,0,0,15,attr,r,,,,
DRP.ES_SDATA_BYTE0,25D,0,0,15,attr,r,,,,
DRP.DO_FROM_PRBSERR_LSB,25e,0,0,15,attr_hidden,rw,,,,
DRP.DO_FROM_PRBSERR_MSB,25f,0,0,15,attr_hidden,rw,,,,
DRP.TXGBOX_FIFO_DRPSTATUS_1,260,0,0,15,attr_hidden,rw,,,,
DRP.TXGBOX_FIFO_DRPSTATUS_2,261,0,0,15,attr_hidden,rw,,,,
DRP.TXGBOX_FIFO_DRPSTATUS_3,262,0,0,15,attr_hidden,rw,,,,
DRP.TXGBOX_FIFO_LATENCY,263,0,0,15,attr_hidden,rw,,,,
DRP.RXGBOX_FIFO_DRPSTATUS_1,264,0,0,15,attr_hidden,rw,,,,
DRP.RXGBOX_FIFO_DRPSTATUS_2,265,0,0,15,attr_hidden,rw,,,,
DRP.RXGBOX_FIFO_DRPSTATUS_3,266,0,0,15,attr_hidden,rw,,,,
DRP.RXGBOX_FIFO_DRPSTATUS_4,267,0,0,15,attr_hidden,rw,,,,
DRP.RXGBOX_FIFO_DRPSTATUS_5,268,0,0,15,attr_hidden,rw,,,,
DRP.RXGBOX_FIFO_LATENCY,269,0,0,15,attr_hidden,rw,,,,
DRP.COE_STATUS_SLIDE_DDI,26a,0,0,15,attr_hidden,rw,,,,
DRP.DO_FROM_EB_RESET_USRCLK,26b,0,0,15,attr_hidden,rw,,,,
DRP.DO_FROM_EB_RESET_PHYCLK,26c,0,0,15,attr_hidden,rw,,,,
DRP.DO_FROM_EB_RESET_ASYNC,26d,0,0,15,attr_hidden,rw,,,,
DRP.DO_FROM_FX_RESET_USRCLK,26e,0,0,15,attr_hidden,rw,,,,
DRP.DO_FROM_FX_RESET_PHYCLK,26f,0,0,15,attr_hidden,rw,,,,
DRP.DO_FROM_FX_RESET_ASYNC,270,0,0,15,attr_hidden,rw,,,,
DRP.DO_FROM_EB_RD_ADDR_76,28d,0,0,15,attr_hidden,rw,,,,
DRP.DO_FROM_EB_RD_ADDR_54,28e,0,0,15,attr_hidden,rw,,,,
DRP.TXGBOX_FIFO_DRPSTATUS_4,2b6,0,0,15,attr_hidden,rw,,,,
DRP.RXGBOX_FIFO_DRPSTATUS_6,2b7,0,0,15,attr_hidden,rw,,,,
DRP.RXGBOX_FIFO_DRPSTATUS_7,2b8,0,0,15,attr_hidden,rw,,,,
LOGIC.EYESCANRESET_OUT,401,0,1,1,port,rw,0,y,GTYE3_CHANNEL,
PORT.RXLPMEN,406,0,5,5,port,r,0,y,GTYE3_CHANNEL,
LOGIC.RXLPMEN_OUT,407,0,5,5,port,rw,0,y,GTYE3_CHANNEL,
LOGIC.RXLPMEN_OVRD,407,0,0,0,port,rw,0,y,GTYE3_CHANNEL,
PORT.RXRATE,415,0,0,2,port,r,0,y,GTYE3_CHANNEL,
LOGIC.RXRATE_OUT,416,0,0,2,port,rw,0,y,GTYE3_CHANNEL,
LOGIC.RXRATE_OVRD,416,0,3,3,port,rw,0,y,GTYE3_CHANNEL,
PORT.TXDIFFCTRL,418,0,4,8,port,r,4'hC,y,GTYE3_CHANNEL,
LOGIC.TXDIFFCTRL_OUT,417,0,4,8,port,rw,4'hC,y,GTYE3_CHANNEL,
LOGIC.TXDIFFCTRL_OVRD,417,0,0,0,port,rw,4'hC,y,GTYE3_CHANNEL,
PORT.TXPOSTCURSOR,41C,0,6,10,port,r,0,y,GTYE3_CHANNEL,
LOGIC.TXPOSTCURSOR_OUT,41A,0,6,10,port,rw,0,y,GTYE3_CHANNEL,
LOGIC.TXPOSTCURSOR_OVRD,41A,0,11,11,port,rw,0,y,GTYE3_CHANNEL,
PORT.TXPRECURSOR,41C,0,0,4,port,r,0,y,GTYE3_CHANNEL,
LOGIC.TXPRECURSOR_OUT,41B,0,0,4,port,rw,0,y,GTYE3_CHANNEL,
LOGIC.TXPRECURSOR_OVRD,41B,0,5,5,port,rw,0,y,GTYE3_CHANNEL,
LOGIC.MB_RESET,422,0,0,0,port,rw,0,y,GTYE3_CHANNEL,
LOGIC.MGT_COORDINATE,454,0,0,15,status,r,,y,GTYE3_CHANNEL,
LOGIC.MGT_NUMBER,455,0,0,15,status,r,,y,GTYE3_CHANNEL,
LOGIC.NUM_GTS,471,0,0,15,status,r,,y,GTYE3_CHANNEL,
LOGIC.OD_TEST_ID,800,0,0,15,ram,rw,,y,,
LOGIC.OD_TEST_START_ADDR,801,0,0,15,ram,rw,,y,,
LOGIC.DEF_TEST_ID,802,0,0,15,ram,rw,,y,,
LOGIC.DEF_TEST_START_ADDR,803,0,0,15,ram,rw,,y,,
LOGIC.OD_TEST_END_ADDR,804,0,0,15,ram,rw,,y,,
LOGIC.OD_REQACK,805,0,0,15,ram,rw,,y,,
LOGIC.OD_RUN,806,0,0,15,ram,rw,,y,,
LOGIC.OD_SUSPEND,807,0,0,15,ram,rw,,y,,
LOGIC.OD_TERMINATE,808,0,0,15,ram,rw,,y,,
LOGIC.OD_UPLOAD_READY,809,0,0,15,ram,rw,,y,,
LOGIC.OD_UPLOAD_READY2,80A,0,0,15,ram,rw,,y,,
LOGIC.BRAM_ADDR_SLAVE_TYPE,80B,0,0,15,ram,rw,,y,,
LOGIC.BRAM_ADDR_BUS_WIDTH,80C,0,0,15,ram,rw,,y,,
LOGIC.BRAM_ADDR_ES_COUNTS_PER_UI,80D,0,0,15,ram,rw,,y,,
LOGIC.BRAM_ADDR_ES_EYE_FIRST_PIXEL_ADDRESS,80F,0,0,15,ram,rw,,y,,
LOGIC.BRAM_ADDR_ES_EYE_LAST_PIXEL_ADDRESS,810,0,0,15,ram,rw,,y,,
LOGIC.BRAM_ADDR_ES_EYE_MAX_PRESCALE,811,0,0,15,ram,rw,,y,,
LOGIC.BRAM_ADDR_ES_EYE_HORZ_STEP,812,0,0,15,ram,rw,,y,,
LOGIC.BRAM_ADDR_ES_EYE_VERT_STEP,813,0,0,15,ram,rw,,y,,
LOGIC.BRAM_ADDR_ES_EYE_SKIP_EYE_INTERIOR,814,0,0,15,ram,rw,,y,,
LOGIC.BRAM_ADDR_ES_EYE_MAX_HORZ_OFFSET,815,0,0,15,ram,rw,,y,,
LOGIC.BRAM_ADDR_ES_EYE_MAX_VERT_OFFSET,816,0,0,15,ram,rw,,y,,
LOGIC.BRAM_ADDR_ES_HORZ_OFFSET_CAL,817,0,0,15,ram,rw,,y,,
LOGIC.BRAM_ADDR_ES_VERT_OFFSET_CAL,818,0,0,15,ram,rw,,y,,
LOGIC.DEF_TEST_END_ADDR,FB3,0,0,15,ram,rw,,y,,
LOGIC.DEF_REQACK,FB4,0,0,15,ram,rw,,y,,
LOGIC.DEF_SUSPEND,FB5,0,0,15,ram,rw,,y,,
LOGIC.DEF_CLEAR,FB6,0,0,15,ram,rw,,y,,
LOGIC.DMON_BLANK_RESERVED,FFF,0,0,15,ram,rw,,y,,
