NAME,ADDRESS,SEQ,START,END,TYPE,READWRITE,DEFAULT,IS_REGISTER,CTL,STAT,CONST,SAMP_EN,RH,CPLX_LOCAL,GROUP
DRP.GT_INSTANTIATED,0,0,0,0,attr_hidden,rw,,y,0,0,0,0,0,0,GTHE2_CHANNEL
DRP.UCODEER_CLR,0,0,1,1,attr,rw,,y,0,0,0,0,0,0,GTHE2_CHANNEL
DRP.GEN_RXUSRCLK,0,0,2,2,attr_hidden,rw,,y,0,0,0,0,0,0,GTHE2_CHANNEL
DRP.GEN_TXUSRCLK,0,0,3,3,attr_hidden,rw,,y,0,0,0,0,0,0,GTHE2_CHANNEL
DRP.ACJTAG_MODE,0,0,13,13,attr,rw,,y,0,0,0,0,0,0,GTHE2_CHANNEL
DRP.ACJTAG_DEBUG_MODE,0,0,14,14,attr,rw,,y,0,0,0,0,0,0,GTHE2_CHANNEL
DRP.ACJTAG_RESET,0,0,15,15,attr,rw,,y,0,0,0,0,0,0,GTHE2_CHANNEL
DRP.A_TXINHIBIT,2,0,0,0,attr_hidden,rw,,y,0,0,0,0,0,0,GTHE2_CHANNEL
DRP.A_RXCDRFREQRESET,2,0,1,1,attr_hidden,rw,,y,0,0,0,0,0,0,GTHE2_CHANNEL
DRP.A_RXCDRHOLD,2,0,2,2,attr_hidden,rw,,y,0,0,0,0,0,0,GTHE2_CHANNEL
DRP.A_RXCDRRESET,2,0,3,3,attr_hidden,rw,,y,0,0,0,0,0,0,GTHE2_CHANNEL
DRP.A_RXCDRRESETRSV,2,0,4,4,attr_hidden,rw,,y,0,0,0,0,0,0,GTHE2_CHANNEL
DRP.A_CFGRESET,2,0,5,5,attr_hidden,rw,,y,0,0,0,0,0,0,GTHE2_CHANNEL
DRP.A_CPLLLOCKEN,2,0,6,6,attr_hidden,rw,,y,0,0,0,0,0,0,GTHE2_CHANNEL
DRP.A_CPLLPD,2,0,7,7,attr_hidden,rw,,y,0,0,0,0,0,0,GTHE2_CHANNEL
DRP.A_CPLLRESET,2,0,8,8,attr_hidden,rw,,y,0,0,0,0,0,0,GTHE2_CHANNEL
DRP.A_RXDFEAGCHOLD,2,0,9,9,attr_hidden,rw,,y,0,0,0,0,0,0,GTHE2_CHANNEL
DRP.A_RXDFEAGCOVRDEN,2,0,10,10,attr_hidden,rw,,y,0,0,0,0,0,0,GTHE2_CHANNEL
DRP.A_RXDFETAP2HOLD,2,0,11,11,attr_hidden,rw,,y,0,0,0,0,0,0,GTHE2_CHANNEL
DRP.A_RXDFETAP2OVRDEN,2,0,12,12,attr_hidden,rw,,y,0,0,0,0,0,0,GTHE2_CHANNEL
DRP.A_RXDFETAP3HOLD,2,0,13,13,attr_hidden,rw,,y,0,0,0,0,0,0,GTHE2_CHANNEL
DRP.A_RXDFETAP3OVRDEN,2,0,14,14,attr_hidden,rw,,y,0,0,0,0,0,0,GTHE2_CHANNEL
DRP.A_RXDFETAP4HOLD,2,0,15,15,attr_hidden,rw,,y,0,0,0,0,0,0,GTHE2_CHANNEL
DRP.A_RXDFETAP4OVRDEN,3,0,0,0,attr_hidden,rw,,y,0,0,0,0,0,0,GTHE2_CHANNEL
DRP.A_RXDFETAP5HOLD,3,0,1,1,attr_hidden,rw,,y,0,0,0,0,0,0,GTHE2_CHANNEL
DRP.A_RXDFETAP5OVRDEN,3,0,2,2,attr_hidden,rw,,y,0,0,0,0,0,0,GTHE2_CHANNEL
DRP.A_RXDFELFHOLD,3,0,3,3,attr_hidden,rw,,y,0,0,0,0,0,0,GTHE2_CHANNEL
DRP.A_RXDFELFOVRDEN,3,0,4,4,attr_hidden,rw,,y,0,0,0,0,0,0,GTHE2_CHANNEL
DRP.A_RXOSHOLD,3,0,5,5,attr_hidden,rw,,y,0,0,0,0,0,0,GTHE2_CHANNEL
DRP.A_RXOSOVRDEN,3,0,6,6,attr_hidden,rw,,y,0,0,0,0,0,0,GTHE2_CHANNEL
DRP.A_RXDFELPMRESET,3,0,7,7,attr_hidden,rw,,y,0,0,0,0,0,0,GTHE2_CHANNEL
DRP.A_RXDFEUTHOLD,3,0,8,8,attr_hidden,rw,,y,0,0,0,0,0,0,GTHE2_CHANNEL
DRP.A_RXDFEUTOVRDEN,3,0,9,9,attr_hidden,rw,,y,0,0,0,0,0,0,GTHE2_CHANNEL
DRP.A_RXDFEVPHOLD,3,0,10,10,attr_hidden,rw,,y,0,0,0,0,0,0,GTHE2_CHANNEL
DRP.A_RXDFEVPOVRDEN,3,0,11,11,attr_hidden,rw,,y,0,0,0,0,0,0,GTHE2_CHANNEL
DRP.A_RXDFESLIDETAPOVRDEN,3,0,12,12,attr_hidden,rw,,y,0,0,0,0,0,0,GTHE2_CHANNEL
DRP.A_RXDFESLIDETAPSTROBE,3,0,13,13,attr_hidden,rw,,y,0,0,0,0,0,0,GTHE2_CHANNEL
DRP.A_RXDFEXYDEN,3,0,14,14,attr_hidden,rw,,y,0,0,0,0,0,0,GTHE2_CHANNEL
DRP.A_RXDFECM1EN,3,0,15,15,attr_hidden,rw,,y,0,0,0,0,0,0,GTHE2_CHANNEL
DRP.A_GTRXRESET,4,0,0,0,attr_hidden,rw,,y,0,0,0,0,0,0,GTHE2_CHANNEL
DRP.A_GTTXRESET,4,0,1,1,attr_hidden,rw,,y,0,0,0,0,0,0,GTHE2_CHANNEL
DRP.A_EYESCANRESET,4,0,2,2,attr_hidden,rw,,y,0,0,0,0,0,0,GTHE2_CHANNEL
DRP.A_EYESCANMODE,4,0,3,3,attr_hidden,rw,,y,0,0,0,0,0,0,GTHE2_CHANNEL
DRP.A_LOOPBACK,4,0,4,6,attr_hidden,rw,,y,0,0,0,0,0,0,GTHE2_CHANNEL
DRP.A_RXLPMHFHOLD,4,0,7,7,attr_hidden,rw,,y,0,0,0,0,0,0,GTHE2_CHANNEL
DRP.A_RXLPMHFOVRDEN,4,0,8,8,attr_hidden,rw,,y,0,0,0,0,0,0,GTHE2_CHANNEL
DRP.A_RXLPMLFHOLD,4,0,9,9,attr_hidden,rw,,y,0,0,0,0,0,0,GTHE2_CHANNEL
DRP.A_RXLPMLFKLOVRDEN,4,0,10,10,attr_hidden,rw,,y,0,0,0,0,0,0,GTHE2_CHANNEL
DRP.A_RXPRBSCNTRESET,4,0,11,11,attr_hidden,rw,,y,0,0,0,0,0,0,GTHE2_CHANNEL
DRP.A_RXDLYBYPASS,4,0,12,12,attr_hidden,rw,,y,0,0,0,0,0,0,GTHE2_CHANNEL
DRP.A_RXDLYOVRDEN,4,0,13,13,attr_hidden,rw,,y,0,0,0,0,0,0,GTHE2_CHANNEL
DRP.A_RXPHDLYRESET,4,0,14,14,attr_hidden,rw,,y,0,0,0,0,0,0,GTHE2_CHANNEL
DRP.A_RXDLYEN,4,0,15,15,attr_hidden,rw,,y,0,0,0,0,0,0,GTHE2_CHANNEL
DRP.A_RXPHOVRDEN,5,0,0,0,attr_hidden,rw,,y,0,0,0,0,0,0,GTHE2_CHANNEL
DRP.A_RXPHDLYPD,5,0,1,1,attr_hidden,rw,,y,0,0,0,0,0,0,GTHE2_CHANNEL
DRP.A_RXDLYSRESET,5,0,2,2,attr_hidden,rw,,y,0,0,0,0,0,0,GTHE2_CHANNEL
DRP.A_RXBUFRESET,5,0,3,3,attr_hidden,rw,,y,0,0,0,0,0,0,GTHE2_CHANNEL
DRP.A_RXPHALIGNEN,5,0,4,4,attr_hidden,rw,,y,0,0,0,0,0,0,GTHE2_CHANNEL
DRP.A_RXPHALIGN,5,0,5,5,attr_hidden,rw,,y,0,0,0,0,0,0,GTHE2_CHANNEL
DRP.A_RXLPMEN,5,0,6,6,attr_hidden,rw,,y,0,0,0,0,0,0,GTHE2_CHANNEL
DRP.A_GTRESETSEL,5,0,7,7,attr_hidden,rw,,y,0,0,0,0,0,0,GTHE2_CHANNEL
DRP.A_RXOOBRESET,5,0,8,8,attr_hidden,rw,,y,0,0,0,0,0,0,GTHE2_CHANNEL
DRP.A_RXOUTCLKSEL,5,0,9,11,attr_hidden,rw,,y,0,0,0,0,0,0,GTHE2_CHANNEL
DRP.A_RXPMARESET,5,0,12,12,attr_hidden,rw,,y,0,0,0,0,0,0,GTHE2_CHANNEL
DRP.A_RXPOLARITY,5,0,13,13,attr_hidden,rw,,y,0,0,0,0,0,0,GTHE2_CHANNEL
DRP.A_RXPD,5,0,14,15,attr_hidden,rw,,y,0,0,0,0,0,0,GTHE2_CHANNEL
DRP.A_RXPRBSSEL,6,0,0,2,attr_hidden,rw,,y,0,0,0,0,0,0,GTHE2_CHANNEL
DRP.A_RXPCSRESET,6,0,3,3,attr_hidden,rw,,y,0,0,0,0,0,0,GTHE2_CHANNEL
DRP.A_RXSYSCLKSEL,6,0,4,5,attr_hidden,rw,,y,0,0,0,0,0,0,GTHE2_CHANNEL
DRP.A_TXDLYBYPASS,6,0,6,6,attr_hidden,rw,,y,0,0,0,0,0,0,GTHE2_CHANNEL
DRP.A_TXDLYOVRDEN,6,0,7,7,attr_hidden,rw,,y,0,0,0,0,0,0,GTHE2_CHANNEL
DRP.A_TXPHDLYRESET,6,0,8,8,attr_hidden,rw,,y,0,0,0,0,0,0,GTHE2_CHANNEL
DRP.A_TXPHINIT,6,0,9,9,attr_hidden,rw,,y,0,0,0,0,0,0,GTHE2_CHANNEL
DRP.A_TXPHOVRDEN,6,0,10,10,attr_hidden,rw,,y,0,0,0,0,0,0,GTHE2_CHANNEL
DRP.A_TXPHDLYPD,6,0,11,11,attr_hidden,rw,,y,0,0,0,0,0,0,GTHE2_CHANNEL
DRP.A_TXDLYSRESET,6,0,12,12,attr_hidden,rw,,y,0,0,0,0,0,0,GTHE2_CHANNEL
DRP.A_TXDLYEN,6,0,13,13,attr_hidden,rw,,y,0,0,0,0,0,0,GTHE2_CHANNEL
DRP.A_TXPHALIGNEN,6,0,14,14,attr_hidden,rw,,y,0,0,0,0,0,0,GTHE2_CHANNEL
DRP.A_TXPHALIGN,6,0,15,15,attr_hidden,rw,,y,0,0,0,0,0,0,GTHE2_CHANNEL
DRP.A_TXDEEMPH,7,0,0,0,attr_hidden,rw,,y,0,0,0,0,0,0,GTHE2_CHANNEL
DRP.A_TXDIFFCTRL,7,0,1,4,attr_hidden,rw,,y,0,0,0,0,0,0,GTHE2_CHANNEL
DRP.A_TXELECIDLE,7,0,5,5,attr_hidden,rw,,y,0,0,0,0,0,0,GTHE2_CHANNEL
DRP.A_TXPOSTCURSORINV,7,0,6,6,attr_hidden,rw,,y,0,0,0,0,0,0,GTHE2_CHANNEL
DRP.A_TXPRECURSORINV,7,0,7,7,attr_hidden,rw,,y,0,0,0,0,0,0,GTHE2_CHANNEL
DRP.A_TXMAINCURSOR,7,0,8,14,attr_hidden,rw,,y,0,0,0,0,0,0,GTHE2_CHANNEL
DRP.A_SPARE,7,0,15,15,attr_hidden,rw,,y,0,0,0,0,0,0,GTHE2_CHANNEL
DRP.A_RXDFESLIDETAPONLYADAPTEN,8,0,2,2,attr_hidden,rw,,y,0,0,0,0,0,0,GTHE2_CHANNEL
DRP.A_RXDFESLIDETAPADAPTEN,8,0,3,3,attr_hidden,rw,,y,0,0,0,0,0,0,GTHE2_CHANNEL
DRP.A_RXDFESLIDETAPHOLD,8,0,4,4,attr_hidden,rw,,y,0,0,0,0,0,0,GTHE2_CHANNEL
DRP.A_TXPRECURSOR,8,0,5,9,attr_hidden,rw,,y,0,0,0,0,0,0,GTHE2_CHANNEL
DRP.A_TXMARGIN,8,0,10,12,attr_hidden,rw,,y,0,0,0,0,0,0,GTHE2_CHANNEL
DRP.A_TXOUTCLKSEL,8,0,13,15,attr_hidden,rw,,y,0,0,0,0,0,0,GTHE2_CHANNEL
DRP.A_TXPMARESET,9,0,0,0,attr_hidden,rw,,y,0,0,0,0,0,0,GTHE2_CHANNEL
DRP.A_TXPOLARITY,9,0,1,1,attr_hidden,rw,,y,0,0,0,0,0,0,GTHE2_CHANNEL
DRP.A_TXPRBSFORCEERR,9,0,2,2,attr_hidden,rw,,y,0,0,0,0,0,0,GTHE2_CHANNEL
DRP.A_TXPRBSSEL,9,0,3,5,attr_hidden,rw,,y,0,0,0,0,0,0,GTHE2_CHANNEL
DRP.A_TXBUFDIFFCTRL,9,0,6,8,attr_hidden,rw,,y,0,0,0,0,0,0,GTHE2_CHANNEL
DRP.A_TXPD,9,0,9,10,attr_hidden,rw,,y,0,0,0,0,0,0,GTHE2_CHANNEL
DRP.A_TXPCSRESET,9,0,11,11,attr_hidden,rw,,y,0,0,0,0,0,0,GTHE2_CHANNEL
DRP.A_TXSWING,9,0,12,12,attr_hidden,rw,,y,0,0,0,0,0,0,GTHE2_CHANNEL
DRP.A_TXSYSCLKSEL,9,0,13,14,attr_hidden,rw,,y,0,0,0,0,0,0,GTHE2_CHANNEL
DRP.A_RXMONITORSEL,000A,0,1,2,attr_hidden,rw,,y,0,0,0,0,0,0,GTHE2_CHANNEL
DRP.A_RXCDROVRDEN,000A,0,3,3,attr_hidden,rw,,y,0,0,0,0,0,0,GTHE2_CHANNEL
DRP.A_RXDFEVSEN,000A,0,4,4,attr_hidden,rw,,y,0,0,0,0,0,0,GTHE2_CHANNEL
DRP.A_RXOSCALRESET,000A,0,5,5,attr,rw,,y,0,0,0,0,0,0,GTHE2_CHANNEL
DRP.A_RXDFESLIDETAPID,000A,0,6,11,attr_hidden,rw,,y,0,0,0,0,0,0,GTHE2_CHANNEL
DRP.A_RXOSINTCFG,000A,0,12,15,attr_hidden,rw,,y,0,0,0,0,0,0,GTHE2_CHANNEL
DRP.AEN_RXCDR,000B,0,1,1,attr_hidden,rw,,y,0,0,0,0,0,0,GTHE2_CHANNEL
DRP.AEN_CPLL,000B,0,2,2,attr_hidden,rw,,y,0,0,0,0,0,0,GTHE2_CHANNEL
DRP.AEN_RXDFE,000B,0,3,3,attr_hidden,rw,,y,0,0,0,0,0,0,GTHE2_CHANNEL
DRP.AEN_LOOPBACK,000B,0,4,4,attr_hidden,rw,,y,0,0,0,0,0,0,GTHE2_CHANNEL
DRP.AEN_RXDFELPM,000B,0,5,5,attr_hidden,rw,,y,0,0,0,0,0,0,GTHE2_CHANNEL
DRP.AEN_MASTER,000B,0,6,6,attr_hidden,rw,,y,0,0,0,0,0,0,GTHE2_CHANNEL
DRP.AEN_PD_AND_EIDLE,000B,0,8,8,attr_hidden,rw,,y,0,0,0,0,0,0,GTHE2_CHANNEL
DRP.AEN_POLARITY,000B,0,10,10,attr_hidden,rw,,y,0,0,0,0,0,0,GTHE2_CHANNEL
DRP.AEN_PRBS,000B,0,11,11,attr_hidden,rw,,y,0,0,0,0,0,0,GTHE2_CHANNEL
DRP.AEN_QPI,000B,0,12,12,attr_hidden,rw,,y,0,0,0,0,0,0,GTHE2_CHANNEL
DRP.AEN_RESET,000B,0,13,13,attr_hidden,rw,,y,0,0,0,0,0,0,GTHE2_CHANNEL
DRP.AEN_RXOUTCLK_SEL,000B,0,14,14,attr_hidden,rw,,y,0,0,0,0,0,0,GTHE2_CHANNEL
DRP.AEN_RXSYSCLK_SEL,000B,0,15,15,attr_hidden,rw,,y,0,0,0,0,0,0,GTHE2_CHANNEL
DRP.AEN_TXPHDLY,000C,0,0,0,attr_hidden,rw,,y,0,0,0,0,0,0,GTHE2_CHANNEL
DRP.AEN_TX_DRIVE_MODE,000C,0,1,1,attr_hidden,rw,,y,0,0,0,0,0,0,GTHE2_CHANNEL
DRP.AEN_TXOUTCLK_SEL,000C,0,2,2,attr_hidden,rw,,y,0,0,0,0,0,0,GTHE2_CHANNEL
DRP.AEN_TXSYSCLK_SEL,000C,0,3,3,attr_hidden,rw,,y,0,0,0,0,0,0,GTHE2_CHANNEL
DRP.AEN_RXPHDLY,000C,0,4,4,attr_hidden,rw,,y,0,0,0,0,0,0,GTHE2_CHANNEL
DRP.RXDFELPMRESET_TIME,000C,0,9,15,attr,rw,,y,0,0,0,0,0,0,GTHE2_CHANNEL
DRP.RXBUFRESET_TIME,000D,0,0,4,attr,rw,,y,0,0,0,0,0,0,GTHE2_CHANNEL
DRP.RXCDRFREQRESET_TIME,000D,0,5,9,attr,rw,,y,0,0,0,0,0,0,GTHE2_CHANNEL
DRP.RXCDRPHRESET_TIME,000D,0,10,14,attr,rw,,y,0,0,0,0,0,0,GTHE2_CHANNEL
DRP.RXPMARESET_TIME,000E,0,6,10,attr,rw,,y,0,0,0,0,0,0,GTHE2_CHANNEL
DRP.RXPCSRESET_TIME,000E,0,11,15,attr,rw,,y,0,0,0,0,0,0,GTHE2_CHANNEL
DRP.TXPMARESET_TIME,000F,0,0,4,attr,rw,,y,0,0,0,0,0,0,GTHE2_CHANNEL
DRP.TXPCSRESET_TIME,000F,0,5,9,attr,rw,,y,0,0,0,0,0,0,GTHE2_CHANNEL
DRP.RXISCANRESET_TIME,000F,0,10,14,attr,rw,,y,0,0,0,0,0,0,GTHE2_CHANNEL
DRP.RXCDRRESET_TIME,10,0,0,6,attr_hidden,rw,,y,0,0,0,0,0,0,GTHE2_CHANNEL
DRP.RXSYNC_MULTILANE,10,0,10,10,attr,rw,,y,0,0,0,0,0,0,GTHE2_CHANNEL
DRP.TXSYNC_MULTILANE,10,0,11,11,attr,rw,,y,0,0,0,0,0,0,GTHE2_CHANNEL
DRP.RXSYNC_SKIP_DA,10,0,12,12,attr,rw,,y,0,0,0,0,0,0,GTHE2_CHANNEL
DRP.TXSYNC_SKIP_DA,10,0,13,13,attr,rw,,y,0,0,0,0,0,0,GTHE2_CHANNEL
DRP.TXSYNC_OVRD,10,0,14,14,attr,rw,,y,0,0,0,0,0,0,GTHE2_CHANNEL
DRP.RXSYNC_OVRD,10,0,15,15,attr,rw,,y,0,0,0,0,0,0,GTHE2_CHANNEL
DRP.RXPRBS_ERR_LOOPBACK,11,0,0,0,attr,rw,,y,0,0,0,0,0,0,GTHE2_CHANNEL
DRP.RX_CM_SEL,11,0,4,5,attr,rw,,y,0,0,0,0,0,0,GTHE2_CHANNEL
DRP.RX_CLK25_DIV,11,0,6,10,attr,rw,,y,0,0,0,0,0,0,GTHE2_CHANNEL
DRP.RX_DATA_WIDTH,11,0,11,13,attr,rw,,y,0,0,0,0,0,0,GTHE2_CHANNEL
DRP.RX_INT_DATAWIDTH,11,0,14,14,attr,rw,,y,0,0,0,0,0,0,GTHE2_CHANNEL
DRP.RXOOB_CFG,12,0,0,6,attr,rw,,y,0,0,0,0,0,0,GTHE2_CHANNEL
DRP.SATA_BURST_VAL,12,0,7,9,attr,rw,,y,0,0,0,0,0,0,GTHE2_CHANNEL
DRP.OUTREFCLK_SEL_INV,12,0,10,11,attr,rw,,y,0,0,0,0,0,0,GTHE2_CHANNEL
DRP.SATA_BURST_SEQ_LEN,12,0,12,15,attr,rw,,y,0,0,0,0,0,0,GTHE2_CHANNEL
DRP.SATA_EIDLE_VAL,13,0,0,2,attr,rw,,y,0,0,0,0,0,0,GTHE2_CHANNEL
DRP.SATA_MIN_BURST,13,0,3,8,attr,rw,,y,0,0,0,0,0,0,GTHE2_CHANNEL
DRP.SAS_MIN_COM,13,0,9,14,attr,rw,,y,0,0,0,0,0,0,GTHE2_CHANNEL
DRP.SATA_MIN_INIT,14,0,0,5,attr,rw,,y,0,0,0,0,0,0,GTHE2_CHANNEL
DRP.SATA_MIN_WAKE,14,0,6,11,attr,rw,,y,0,0,0,0,0,0,GTHE2_CHANNEL
DRP.SATA_MAX_BURST,15,0,0,5,attr,rw,,y,0,0,0,0,0,0,GTHE2_CHANNEL
DRP.SAS_MAX_COM,15,0,6,12,attr,rw,,y,0,0,0,0,0,0,GTHE2_CHANNEL
DRP.SATA_MAX_INIT,16,0,0,5,attr,rw,,y,0,0,0,0,0,0,GTHE2_CHANNEL
DRP.SATA_MAX_WAKE,16,0,6,11,attr,rw,,y,0,0,0,0,0,0,GTHE2_CHANNEL
DRP.RXOSCALRESET_TIME,17,0,6,10,attr,rw,,y,0,0,0,0,0,0,GTHE2_CHANNEL
DRP.RXOSCALRESET_TIMEOUT,17,0,11,15,attr,rw,,y,0,0,0,0,0,0,GTHE2_CHANNEL
DRP.TRANS_TIME_RATE,18,0,0,7,attr,rw,,y,0,0,0,0,0,0,GTHE2_CHANNEL
DRP.A_TXPOSTCURSOR,18,0,10,14,attr_hidden,rw,,y,0,0,0,0,0,0,GTHE2_CHANNEL
DRP.TX_DRIVE_MODE,19,0,0,4,attr,rw,,y,0,0,0,0,0,0,GTHE2_CHANNEL
DRP.TX_LOOPBACK_DRIVE_HIZ,19,0,5,5,attr,rw,,y,0,0,0,0,0,0,GTHE2_CHANNEL
DRP.TX_EIDLE_ASSERT_DELAY,19,0,6,8,attr,rw,,y,0,0,0,0,0,0,GTHE2_CHANNEL
DRP.TX_EIDLE_DEASSERT_DELAY,19,0,9,11,attr,rw,,y,0,0,0,0,0,0,GTHE2_CHANNEL
DRP.PD_TRANS_TIME_NONE_P2,001A,0,0,7,attr,rw,,y,0,0,0,0,0,0,GTHE2_CHANNEL
DRP.PD_TRANS_TIME_TO_P2,001A,0,8,15,attr,rw,,y,0,0,0,0,0,0,GTHE2_CHANNEL
DRP.PCS_PCIE_EN,001B,0,0,0,attr,rw,,y,0,0,0,0,0,0,GTHE2_CHANNEL
DRP.PD_TRANS_TIME_FROM_P2,001B,0,1,12,attr,rw,,y,0,0,0,0,0,0,GTHE2_CHANNEL
DRP.GEARBOX_MODE,001C,0,0,2,attr,rw,,y,0,0,0,0,0,0,GTHE2_CHANNEL
DRP.TXGEARBOX_EN,001C,0,5,5,attr,rw,,y,0,0,0,0,0,0,GTHE2_CHANNEL
DRP.TXBUF_EN,001C,0,14,14,attr,rw,,y,0,0,0,0,0,0,GTHE2_CHANNEL
DRP.TXBUF_RESET_ON_RATE_CHANGE,001C,0,15,15,attr,rw,,y,0,0,0,0,0,0,GTHE2_CHANNEL
DRP.RX_DFE_GAIN_CFG,001D,0,0,15,attr,rw,,y,0,0,0,0,0,0,GTHE2_CHANNEL
DRP.RX_DFE_GAIN_CFG,001E,1,0,6,attr,rw,,y,0,0,0,0,0,0,GTHE2_CHANNEL
DRP.RX_DFE_LPM_HOLD_DURING_EIDLE,001E,0,14,14,attr,rw,,y,0,0,0,0,0,0,GTHE2_CHANNEL
DRP.RXPLL_SEL,001E,0,15,15,attr_hidden,rw,,y,0,0,0,0,0,0,GTHE2_CHANNEL
DRP.RX_DFE_H2_CFG,001F,0,0,11,attr,rw,,y,0,0,0,0,0,0,GTHE2_CHANNEL
DRP.RX_DFE_H3_CFG,20,0,0,11,attr,rw,,y,0,0,0,0,0,0,GTHE2_CHANNEL
DRP.RX_DFE_H4_CFG,21,0,0,10,attr,rw,,y,0,0,0,0,0,0,GTHE2_CHANNEL
DRP.RX_DFE_H5_CFG,22,0,0,10,attr,rw,,y,0,0,0,0,0,0,GTHE2_CHANNEL
DRP.RX_OS_CFG,24,0,0,12,attr,rw,,y,0,0,0,0,0,0,GTHE2_CHANNEL
DRP.RX_DFE_UT_CFG,24,1,15,15,attr,rw,,y,0,0,0,0,0,0,GTHE2_CHANNEL
DRP.RX_DFE_UT_CFG,25,0,0,15,attr,rw,,y,0,0,0,0,0,0,GTHE2_CHANNEL
DRP.RX_DFE_VP_CFG,26,0,0,15,attr,rw,,y,0,0,0,0,0,0,GTHE2_CHANNEL
DRP.RX_DFE_VP_CFG,27,1,0,0,attr,rw,,y,0,0,0,0,0,0,GTHE2_CHANNEL
DRP.RX_DFE_VS_CFG,27,0,4,12,attr_hidden,rw,,y,0,0,0,0,0,0,GTHE2_CHANNEL
DRP.RX_DFE_LPM_CFG,29,0,0,15,attr,rw,,y,0,0,0,0,0,0,GTHE2_CHANNEL
DRP.RXLPM_HF_CFG,002A,0,0,13,attr,rw,,y,0,0,0,0,0,0,GTHE2_CHANNEL
DRP.RXLPM_LF_CFG,002A,1,14,15,attr,rw,,y,0,0,0,0,0,0,GTHE2_CHANNEL
DRP.RXLPM_LF_CFG,002B,0,0,15,attr,rw,,y,0,0,0,0,0,0,GTHE2_CHANNEL
DRP.ES_QUALIFIER,002C,0,0,15,attr,rw,,y,0,0,0,0,0,0,GTHE2_CHANNEL
DRP.ES_QUALIFIER,002D,1,0,15,attr,rw,,y,0,0,0,0,0,0,GTHE2_CHANNEL
DRP.ES_QUALIFIER,002E,2,0,15,attr,rw,,y,0,0,0,0,0,0,GTHE2_CHANNEL
DRP.ES_QUALIFIER,002F,3,0,15,attr,rw,,y,0,0,0,0,0,0,GTHE2_CHANNEL
DRP.ES_QUALIFIER,30,4,0,15,attr,rw,,y,0,0,0,0,0,0,GTHE2_CHANNEL
DRP.ES_QUAL_MASK,31,0,0,15,attr,rw,,y,0,0,0,0,0,0,GTHE2_CHANNEL
DRP.ES_QUAL_MASK,32,1,0,15,attr,rw,,y,0,0,0,0,0,0,GTHE2_CHANNEL
DRP.ES_QUAL_MASK,33,2,0,15,attr,rw,,y,0,0,0,0,0,0,GTHE2_CHANNEL
DRP.ES_QUAL_MASK,34,3,0,15,attr,rw,,y,0,0,0,0,0,0,GTHE2_CHANNEL
DRP.ES_QUAL_MASK,35,4,0,15,attr,rw,,y,0,0,0,0,0,0,GTHE2_CHANNEL
DRP.ES_SDATA_MASK,36,0,0,15,attr,rw,,y,0,0,0,0,0,0,GTHE2_CHANNEL
DRP.ES_SDATA_MASK,37,1,0,15,attr,rw,,y,0,0,0,0,0,0,GTHE2_CHANNEL
DRP.ES_SDATA_MASK,38,2,0,15,attr,rw,,y,0,0,0,0,0,0,GTHE2_CHANNEL
DRP.ES_SDATA_MASK,39,3,0,15,attr,rw,,y,0,0,0,0,0,0,GTHE2_CHANNEL
DRP.ES_SDATA_MASK,003A,4,0,15,attr,rw,,y,0,0,0,0,0,0,GTHE2_CHANNEL
DRP.ES_VERT_OFFSET,003B,0,0,8,attr,rw,,y,0,0,0,0,0,0,GTHE2_CHANNEL
DRP.ES_PRESCALE,003B,0,11,15,attr,rw,,y,0,0,0,0,0,0,GTHE2_CHANNEL
DRP.ES_HORZ_OFFSET,003C,0,0,11,attr,rw,,y,0,0,0,0,0,0,GTHE2_CHANNEL
DRP.ES_CONTROL,003D,0,0,5,attr,rw,,y,0,0,0,0,0,0,GTHE2_CHANNEL
DRP.ES_EYE_SCAN_EN,003D,0,8,8,attr,rw,,y,0,0,0,0,0,0,GTHE2_CHANNEL
DRP.ES_ERRDET_EN,003D,0,9,9,attr,rw,,y,0,0,0,0,0,0,GTHE2_CHANNEL
DRP.DEC_VALID_COMMA_ONLY,003D,0,12,12,attr,rw,,y,0,0,0,0,0,0,GTHE2_CHANNEL
DRP.DEC_MCOMMA_DETECT,003D,0,13,13,attr,rw,,y,0,0,0,0,0,0,GTHE2_CHANNEL
DRP.DEC_PCOMMA_DETECT,003D,0,14,14,attr,rw,,y,0,0,0,0,0,0,GTHE2_CHANNEL
DRP.RX_DISPERR_SEQ_MATCH,003D,0,15,15,attr,rw,,y,0,0,0,0,0,0,GTHE2_CHANNEL
DRP.ALIGN_COMMA_ENABLE,003E,0,0,9,attr,rw,,y,0,0,0,0,0,0,GTHE2_CHANNEL
DRP.ALIGN_MCOMMA_VALUE,003F,0,0,9,attr,rw,,y,0,0,0,0,0,0,GTHE2_CHANNEL
DRP.ALIGN_PCOMMA_VALUE,40,0,0,9,attr,rw,,y,0,0,0,0,0,0,GTHE2_CHANNEL
DRP.RXSLIDE_MODE,40,0,14,15,attr,rw,,y,0,0,0,0,0,0,GTHE2_CHANNEL
DRP.RXSLIDE_AUTO_WAIT,41,0,0,3,attr,rw,,y,0,0,0,0,0,0,GTHE2_CHANNEL
DRP.ALIGN_COMMA_DOUBLE,41,0,4,4,attr,rw,,y,0,0,0,0,0,0,GTHE2_CHANNEL
DRP.SHOW_REALIGN_COMMA,41,0,5,5,attr,rw,,y,0,0,0,0,0,0,GTHE2_CHANNEL
DRP.ALIGN_MCOMMA_DET,41,0,6,6,attr,rw,,y,0,0,0,0,0,0,GTHE2_CHANNEL
DRP.ALIGN_PCOMMA_DET,41,0,7,7,attr,rw,,y,0,0,0,0,0,0,GTHE2_CHANNEL
DRP.RX_SIG_VALID_DLY,41,0,8,12,attr,rw,,y,0,0,0,0,0,0,GTHE2_CHANNEL
DRP.ALIGN_COMMA_WORD,41,0,13,15,attr,rw,,y,0,0,0,0,0,0,GTHE2_CHANNEL
DRP.CLK_COR_SEQ_1_1,44,0,0,9,attr,rw,,y,0,0,0,0,0,0,GTHE2_CHANNEL
DRP.CLK_COR_SEQ_1_ENABLE,44,0,10,13,attr,rw,,y,0,0,0,0,0,0,GTHE2_CHANNEL
DRP.CLK_CORRECT_USE,44,0,14,14,attr,rw,,y,0,0,0,0,0,0,GTHE2_CHANNEL
DRP.CLK_COR_SEQ_1_2,45,0,0,9,attr,rw,,y,0,0,0,0,0,0,GTHE2_CHANNEL
DRP.CLK_COR_MAX_LAT,45,0,10,15,attr,rw,,y,0,0,0,0,0,0,GTHE2_CHANNEL
DRP.CLK_COR_SEQ_1_3,46,0,0,9,attr,rw,,y,0,0,0,0,0,0,GTHE2_CHANNEL
DRP.CLK_COR_MIN_LAT,46,0,10,15,attr,rw,,y,0,0,0,0,0,0,GTHE2_CHANNEL
DRP.CLK_COR_SEQ_1_4,47,0,0,9,attr,rw,,y,0,0,0,0,0,0,GTHE2_CHANNEL
DRP.CLK_COR_REPEAT_WAIT,47,0,10,14,attr,rw,,y,0,0,0,0,0,0,GTHE2_CHANNEL
DRP.CLK_COR_SEQ_2_1,48,0,0,9,attr,rw,,y,0,0,0,0,0,0,GTHE2_CHANNEL
DRP.CLK_COR_SEQ_2_ENABLE,48,0,10,13,attr,rw,,y,0,0,0,0,0,0,GTHE2_CHANNEL
DRP.CLK_COR_SEQ_2_USE,48,0,14,14,attr,rw,,y,0,0,0,0,0,0,GTHE2_CHANNEL
DRP.CLK_COR_SEQ_2_2,49,0,0,9,attr,rw,,y,0,0,0,0,0,0,GTHE2_CHANNEL
DRP.CLK_COR_SEQ_LEN,49,0,10,11,attr,rw,,y,0,0,0,0,0,0,GTHE2_CHANNEL
DRP.CLK_COR_PRECEDENCE,49,0,12,12,attr,rw,,y,0,0,0,0,0,0,GTHE2_CHANNEL
DRP.CLK_COR_KEEP_IDLE,49,0,13,13,attr,rw,,y,0,0,0,0,0,0,GTHE2_CHANNEL
DRP.CLK_COR_INSERT_IDLE_FLAG,49,0,14,14,attr_hidden,rw,,y,0,0,0,0,0,0,GTHE2_CHANNEL
DRP.CLK_COR_SEQ_2_3,004A,0,0,9,attr,rw,,y,0,0,0,0,0,0,GTHE2_CHANNEL
DRP.CLK_COR_SEQ_2_4,004B,0,0,9,attr,rw,,y,0,0,0,0,0,0,GTHE2_CHANNEL
DRP.RXGEARBOX_EN,004B,0,15,15,attr,rw,,y,0,0,0,0,0,0,GTHE2_CHANNEL
DRP.CHAN_BOND_SEQ_1_1,004C,0,0,9,attr,rw,,y,0,0,0,0,0,0,GTHE2_CHANNEL
DRP.CHAN_BOND_SEQ_1_ENABLE,004C,0,12,15,attr,rw,,y,0,0,0,0,0,0,GTHE2_CHANNEL
DRP.CHAN_BOND_SEQ_1_2,004D,0,0,9,attr,rw,,y,0,0,0,0,0,0,GTHE2_CHANNEL
DRP.CHAN_BOND_SEQ_LEN,004D,0,14,15,attr,rw,,y,0,0,0,0,0,0,GTHE2_CHANNEL
DRP.CHAN_BOND_SEQ_1_3,004E,0,0,9,attr,rw,,y,0,0,0,0,0,0,GTHE2_CHANNEL
DRP.CHAN_BOND_KEEP_ALIGN,004E,0,15,15,attr,rw,,y,0,0,0,0,0,0,GTHE2_CHANNEL
DRP.CHAN_BOND_SEQ_1_4,004F,0,0,9,attr,rw,,y,0,0,0,0,0,0,GTHE2_CHANNEL
DRP.CHAN_BOND_SEQ_2_1,50,0,0,9,attr,rw,,y,0,0,0,0,0,0,GTHE2_CHANNEL
DRP.CHAN_BOND_SEQ_2_USE,50,0,11,11,attr,rw,,y,0,0,0,0,0,0,GTHE2_CHANNEL
DRP.CHAN_BOND_SEQ_2_ENABLE,50,0,12,15,attr,rw,,y,0,0,0,0,0,0,GTHE2_CHANNEL
DRP.CHAN_BOND_SEQ_2_2,51,0,0,9,attr,rw,,y,0,0,0,0,0,0,GTHE2_CHANNEL
DRP.FTS_LANE_DESKEW_EN,51,0,11,11,attr,rw,,y,0,0,0,0,0,0,GTHE2_CHANNEL
DRP.FTS_LANE_DESKEW_CFG,51,0,12,15,attr,rw,,y,0,0,0,0,0,0,GTHE2_CHANNEL
DRP.CHAN_BOND_SEQ_2_3,52,0,0,9,attr,rw,,y,0,0,0,0,0,0,GTHE2_CHANNEL
DRP.CBCC_DATA_SOURCE_SEL,52,0,11,11,attr,rw,,y,0,0,0,0,0,0,GTHE2_CHANNEL
DRP.FTS_DESKEW_SEQ_ENABLE,52,0,12,15,attr,rw,,y,0,0,0,0,0,0,GTHE2_CHANNEL
DRP.CHAN_BOND_SEQ_2_4,53,0,0,9,attr,rw,,y,0,0,0,0,0,0,GTHE2_CHANNEL
DRP.CHAN_BOND_MAX_SKEW,53,0,12,15,attr,rw,,y,0,0,0,0,0,0,GTHE2_CHANNEL
DRP.RXDLY_TAP_CFG,54,0,0,15,attr,rw,,y,0,0,0,0,0,0,GTHE2_CHANNEL
DRP.RXDLY_CFG,55,0,0,15,attr,rw,,y,0,0,0,0,0,0,GTHE2_CHANNEL
DRP.RX_DDI_SEL,57,0,0,5,attr,rw,,y,0,0,0,0,0,0,GTHE2_CHANNEL
DRP.RXPH_MONITOR_SEL,57,0,8,12,attr,rw,,y,0,0,0,0,0,0,GTHE2_CHANNEL
DRP.GTGREFCLKINV,58,0,0,0,attr_hidden,rw,,y,0,0,0,0,0,0,GTHE2_CHANNEL
DRP.CPLLLOCKDETCLKINV,58,0,1,1,attr_hidden,rw,,y,0,0,0,0,0,0,GTHE2_CHANNEL
DRP.DRPCLKINV,58,0,3,3,attr_hidden,rw,,y,0,0,0,0,0,0,GTHE2_CHANNEL
DRP.PMASCANCLK0INV,58,0,4,4,attr_hidden,rw,,y,0,0,0,0,0,0,GTHE2_CHANNEL
DRP.PMASCANCLK1INV,58,0,5,5,attr_hidden,rw,,y,0,0,0,0,0,0,GTHE2_CHANNEL
DRP.PMASCANCLK2INV,58,0,6,6,attr_hidden,rw,,y,0,0,0,0,0,0,GTHE2_CHANNEL
DRP.PMASCANCLK3INV,58,0,7,7,attr_hidden,rw,,y,0,0,0,0,0,0,GTHE2_CHANNEL
DRP.PMASCANCLK4INV,58,0,8,8,attr_hidden,rw,,y,0,0,0,0,0,0,GTHE2_CHANNEL
DRP.RXUSRCLKINV,58,0,9,9,attr_hidden,rw,,y,0,0,0,0,0,0,GTHE2_CHANNEL
DRP.RXUSRCLK2INV,58,0,10,10,attr_hidden,rw,,y,0,0,0,0,0,0,GTHE2_CHANNEL
DRP.SCANCLKINV,58,0,11,11,attr_hidden,rw,,y,0,0,0,0,0,0,GTHE2_CHANNEL
DRP.TXPHDLYTSTCLKINV,58,0,12,12,attr_hidden,rw,,y,0,0,0,0,0,0,GTHE2_CHANNEL
DRP.TSTCLK0INV,58,0,13,13,attr_hidden,rw,,y,0,0,0,0,0,0,GTHE2_CHANNEL
DRP.TSTCLK1INV,58,0,14,14,attr_hidden,rw,,y,0,0,0,0,0,0,GTHE2_CHANNEL
DRP.TXUSRCLKINV,58,0,15,15,attr_hidden,rw,,y,0,0,0,0,0,0,GTHE2_CHANNEL
DRP.TXUSRCLK2INV,59,0,0,0,attr_hidden,rw,,y,0,0,0,0,0,0,GTHE2_CHANNEL
DRP.CPLL_IPS_REFCLK_SEL,59,0,3,5,attr_hidden,rw,,y,0,0,0,0,0,0,GTHE2_CHANNEL
DRP.RX_XCLK_SEL,59,0,6,6,attr,rw,,y,0,0,0,0,0,0,GTHE2_CHANNEL
DRP.TX_XCLK_SEL,59,0,7,7,attr,rw,,y,0,0,0,0,0,0,GTHE2_CHANNEL
DRP.TXOUTCLKPCS_SEL,59,0,8,8,attr_hidden,rw,,y,0,0,0,0,0,0,GTHE2_CHANNEL
DRP.TXPLL_SEL,59,0,9,9,attr_hidden,rw,,y,0,0,0,0,0,0,GTHE2_CHANNEL
DRP.DMONITORCLKINV,59,0,10,10,attr_hidden,rw,,y,0,0,0,0,0,0,GTHE2_CHANNEL
DRP.SIGVALIDCLKINV,59,0,11,11,attr_hidden,rw,,y,0,0,0,0,0,0,GTHE2_CHANNEL
DRP.SP_REFCLK_CFG,59,0,13,15,attr_hidden,rw,,y,0,0,0,0,0,0,GTHE2_CHANNEL
DRP.CPLL_PCD_2UI_CFG,005A,0,1,1,attr_hidden,rw,,y,0,0,0,0,0,0,GTHE2_CHANNEL
DRP.LOOPBACK_CFG,005A,0,8,8,attr,rw,,y,0,0,0,0,0,0,GTHE2_CHANNEL
DRP.TXOOB_CFG,005A,0,9,9,attr,rw,,y,0,0,0,0,0,0,GTHE2_CHANNEL
DRP.CLKRSVD0INV,005A,0,14,14,attr_hidden,rw,,y,0,0,0,0,0,0,GTHE2_CHANNEL
DRP.CLKRSVD1INV,005A,0,15,15,attr_hidden,rw,,y,0,0,0,0,0,0,GTHE2_CHANNEL
DRP.CPLL_INIT_CFG,005B,0,0,15,attr,rw,,y,0,0,0,0,0,0,GTHE2_CHANNEL
DRP.CPLL_INIT_CFG,005C,1,0,7,attr,rw,,y,0,0,0,0,0,0,GTHE2_CHANNEL
DRP.RXPI_CFG0,005C,0,12,13,attr,rw,,y,0,0,0,0,0,0,GTHE2_CHANNEL
DRP.RXPI_CFG3,005C,0,14,15,attr,rw,,y,0,0,0,0,0,0,GTHE2_CHANNEL
DRP.TXPI_CFG0,005D,0,0,1,attr,rw,,y,0,0,0,0,0,0,GTHE2_CHANNEL
DRP.TXPI_CFG1,005D,0,2,3,attr,rw,,y,0,0,0,0,0,0,GTHE2_CHANNEL
DRP.TXPI_CFG2,005D,0,4,5,attr,rw,,y,0,0,0,0,0,0,GTHE2_CHANNEL
DRP.TXPI_CFG3,005D,0,6,6,attr,rw,,y,0,0,0,0,0,0,GTHE2_CHANNEL
DRP.TXPI_CFG4,005D,0,7,7,attr,rw,,y,0,0,0,0,0,0,GTHE2_CHANNEL
DRP.TXPI_CFG5,005D,0,8,10,attr,rw,,y,0,0,0,0,0,0,GTHE2_CHANNEL
DRP.RXPI_CFG1,005D,0,11,12,attr,rw,,y,0,0,0,0,0,0,GTHE2_CHANNEL
DRP.RXPI_CFG2,005D,0,13,14,attr,rw,,y,0,0,0,0,0,0,GTHE2_CHANNEL
DRP.CPLL_FBDIV,005E,0,0,6,attr,rw,,y,0,0,0,0,0,0,GTHE2_CHANNEL
DRP.CPLL_FBDIV_45,005E,0,7,7,attr,rw,,y,0,0,0,0,0,0,GTHE2_CHANNEL
DRP.CPLL_REFCLK_DIV,005E,0,8,12,attr,rw,,y,0,0,0,0,0,0,GTHE2_CHANNEL
DRP.CPLL_IPS_EN,005E,0,13,13,attr_hidden,rw,,y,0,0,0,0,0,0,GTHE2_CHANNEL
DRP.SATA_CPLL_CFG,005E,0,14,15,attr,rw,,y,0,0,0,0,0,0,GTHE2_CHANNEL
DRP.CPLL_LOCK_CFG,005F,0,0,15,attr,rw,,y,0,0,0,0,0,0,GTHE2_CHANNEL
DRP.TXPHDLY_CFG,60,0,0,15,attr,rw,,y,0,0,0,0,0,0,GTHE2_CHANNEL
DRP.TXPHDLY_CFG,61,1,0,7,attr,rw,,y,0,0,0,0,0,0,GTHE2_CHANNEL
DRP.RXPI_CFG4,61,0,14,14,attr,rw,,y,0,0,0,0,0,0,GTHE2_CHANNEL
DRP.RXPI_CFG5,61,0,15,15,attr,rw,,y,0,0,0,0,0,0,GTHE2_CHANNEL
DRP.TXDLY_CFG,62,0,0,15,attr,rw,,y,0,0,0,0,0,0,GTHE2_CHANNEL
DRP.TXDLY_TAP_CFG,63,0,0,15,attr,rw,,y,0,0,0,0,0,0,GTHE2_CHANNEL
DRP.TXPH_CFG,64,0,0,15,attr,rw,,y,0,0,0,0,0,0,GTHE2_CHANNEL
DRP.RXPI_CFG6,65,0,0,2,attr,rw,,y,0,0,0,0,0,0,GTHE2_CHANNEL
DRP.TXPH_MONITOR_SEL,65,0,8,12,attr,rw,,y,0,0,0,0,0,0,GTHE2_CHANNEL
DRP.RX_BIAS_CFG,66,0,0,15,attr,rw,,y,0,0,0,0,0,0,GTHE2_CHANNEL
DRP.RX_BIAS_CFG,67,1,0,7,attr,rw,,y,0,0,0,0,0,0,GTHE2_CHANNEL
DRP.RX_CLKMUX_PD,68,0,0,0,attr,rw,,y,0,0,0,0,0,0,GTHE2_CHANNEL
DRP.TX_CLKMUX_PD,68,0,1,1,attr,rw,,y,0,0,0,0,0,0,GTHE2_CHANNEL
DRP.TXPISO_DIV_45,68,0,2,2,attr_hidden,rw,,y,0,0,0,0,0,0,GTHE2_CHANNEL
DRP.RXOOB_CLK_CFG,68,0,3,3,attr,rw,,y,0,0,0,0,0,0,GTHE2_CHANNEL
DRP.TERM_RCAL_CFG,69,0,0,14,attr,rw,,y,0,0,0,0,0,0,GTHE2_CHANNEL
DRP.TX_CLK25_DIV,006A,0,0,4,attr,rw,,y,0,0,0,0,0,0,GTHE2_CHANNEL
DRP.TERM_RCAL_OVRD,006A,0,13,15,attr,rw,,y,0,0,0,0,0,0,GTHE2_CHANNEL
DRP.TX_DATA_WIDTH,006B,0,0,2,attr,rw,,y,0,0,0,0,0,0,GTHE2_CHANNEL
DRP.TX_INT_DATAWIDTH,006B,0,4,4,attr,rw,,y,0,0,0,0,0,0,GTHE2_CHANNEL
DRP.PMA_RSV5,006B,0,8,11,attr,rw,,y,0,0,0,0,0,0,GTHE2_CHANNEL
DRP.TX_QPI_STATUS_EN,006B,0,15,15,attr,rw,,y,0,0,0,0,0,0,GTHE2_CHANNEL
DRP.A_RXOSINTTESTOVRDEN,006C,0,0,0,attr_hidden,rw,,y,0,0,0,0,0,0,GTHE2_CHANNEL
DRP.A_RXOSINTHOLD,006C,0,1,1,attr_hidden,rw,,y,0,0,0,0,0,0,GTHE2_CHANNEL
DRP.A_RXOSINTSTROBE,006C,0,2,2,attr_hidden,rw,,y,0,0,0,0,0,0,GTHE2_CHANNEL
DRP.A_RXOSINTOVRDEN,006C,0,3,3,attr_hidden,rw,,y,0,0,0,0,0,0,GTHE2_CHANNEL
DRP.A_RXOSINTNTRLEN,006C,0,4,4,attr_hidden,rw,,y,0,0,0,0,0,0,GTHE2_CHANNEL
DRP.A_RXOSINTEN,006C,0,5,5,attr_hidden,rw,,y,0,0,0,0,0,0,GTHE2_CHANNEL
DRP.A_RXDFESLIDETAPINITOVRDEN,006C,0,6,6,attr_hidden,rw,,y,0,0,0,0,0,0,GTHE2_CHANNEL
DRP.A_RXADAPTSELTEST,006D,0,0,13,attr_hidden,rw,,y,0,0,0,0,0,0,GTHE2_CHANNEL
DRP.A_RXDFETAP6OVRDEN,006D,0,14,14,attr_hidden,rw,,y,0,0,0,0,0,0,GTHE2_CHANNEL
DRP.A_RXDFETAP6HOLD,006D,0,15,15,attr_hidden,rw,,y,0,0,0,0,0,0,GTHE2_CHANNEL
DRP.A_RXDFESLIDETAP,006E,0,0,4,attr_hidden,rw,,y,0,0,0,0,0,0,GTHE2_CHANNEL
DRP.A_RXDFEAGCCTRL,006E,0,5,9,attr_hidden,rw,,y,0,0,0,0,0,0,GTHE2_CHANNEL
DRP.A_RXOSINTID0,006E,0,10,13,attr_hidden,rw,,y,0,0,0,0,0,0,GTHE2_CHANNEL
DRP.A_RXDFETAP7OVRDEN,006E,0,14,14,attr_hidden,rw,,y,0,0,0,0,0,0,GTHE2_CHANNEL
DRP.A_RXDFETAP7HOLD,006E,0,15,15,attr_hidden,rw,,y,0,0,0,0,0,0,GTHE2_CHANNEL
DRP.PCS_RSVD_ATTR,006F,0,0,15,attr,rw,,y,0,0,0,0,0,0,GTHE2_CHANNEL
DRP.PCS_RSVD_ATTR,70,1,0,15,attr,rw,,y,0,0,0,0,0,0,GTHE2_CHANNEL
DRP.PCS_RSVD_ATTR,71,2,0,15,attr,rw,,y,0,0,0,0,0,0,GTHE2_CHANNEL
DRP.RX_DFE_KL_CFG,72,0,0,15,attr,rw,,y,0,0,0,0,0,0,GTHE2_CHANNEL
DRP.RX_DFE_KL_CFG,73,1,0,15,attr,rw,,y,0,0,0,0,0,0,GTHE2_CHANNEL
DRP.RX_DFE_KL_CFG,74,2,0,0,attr,rw,,y,0,0,0,0,0,0,GTHE2_CHANNEL
DRP.RX_DFE_AGC_CFG0,74,0,4,5,attr,rw,,y,0,0,0,0,0,0,GTHE2_CHANNEL
DRP.RX_DFE_AGC_CFG1,74,0,6,8,attr,rw,,y,0,0,0,0,0,0,GTHE2_CHANNEL
DRP.RX_DFE_AGC_CFG2,74,0,9,12,attr,rw,,y,0,0,0,0,0,0,GTHE2_CHANNEL
DRP.TX_MARGIN_FULL_0,75,0,0,6,attr,rw,,y,0,0,0,0,0,0,GTHE2_CHANNEL
DRP.TX_MARGIN_FULL_1,75,0,8,14,attr,rw,,y,0,0,0,0,0,0,GTHE2_CHANNEL
DRP.TX_MARGIN_FULL_2,76,0,0,6,attr,rw,,y,0,0,0,0,0,0,GTHE2_CHANNEL
DRP.TX_MARGIN_FULL_3,76,0,8,14,attr,rw,,y,0,0,0,0,0,0,GTHE2_CHANNEL
DRP.TX_MARGIN_FULL_4,77,0,0,6,attr,rw,,y,0,0,0,0,0,0,GTHE2_CHANNEL
DRP.TX_MARGIN_LOW_0,77,0,8,14,attr,rw,,y,0,0,0,0,0,0,GTHE2_CHANNEL
DRP.TX_MARGIN_LOW_1,78,0,0,6,attr,rw,,y,0,0,0,0,0,0,GTHE2_CHANNEL
DRP.TX_MARGIN_LOW_2,78,0,8,14,attr,rw,,y,0,0,0,0,0,0,GTHE2_CHANNEL
DRP.TX_MARGIN_LOW_3,79,0,0,6,attr,rw,,y,0,0,0,0,0,0,GTHE2_CHANNEL
DRP.TX_MARGIN_LOW_4,79,0,8,14,attr,rw,,y,0,0,0,0,0,0,GTHE2_CHANNEL
DRP.TX_DEEMPH0,007A,0,0,5,attr,rw,,y,0,0,0,0,0,0,GTHE2_CHANNEL
DRP.TX_DEEMPH1,007A,0,8,13,attr,rw,,y,0,0,0,0,0,0,GTHE2_CHANNEL
DRP.TX_RXDETECT_PRECHARGE_TIME,007B,0,0,15,attr,rw,,y,0,0,0,0,0,0,GTHE2_CHANNEL
DRP.PMA_RSV3,007C,0,0,1,attr,rw,,y,0,0,0,0,0,0,GTHE2_CHANNEL
DRP.TX_MAINCURSOR_SEL,007C,0,3,3,attr,rw,,y,0,0,0,0,0,0,GTHE2_CHANNEL
DRP.RX_DFE_KL_LPM_KL_CFG2,007C,0,4,7,attr,rw,,y,0,0,0,0,0,0,GTHE2_CHANNEL
DRP.TX_RXDETECT_REF,007C,0,8,10,attr,rw,,y,0,0,0,0,0,0,GTHE2_CHANNEL
DRP.RX_DFE_KL_LPM_KL_CFG1,007C,0,11,13,attr,rw,,y,0,0,0,0,0,0,GTHE2_CHANNEL
DRP.TX_RXDETECT_PRECHARGE_TIME,007C,1,15,15,attr,rw,,y,0,0,0,0,0,0,GTHE2_CHANNEL
DRP.TX_RXDETECT_CFG,007D,0,0,13,attr,rw,,y,0,0,0,0,0,0,GTHE2_CHANNEL
DRP.RX_CM_TRIM,007E,0,0,3,attr,rw,,y,0,0,0,0,0,0,GTHE2_CHANNEL
DRP.RX_DFE_KL_LPM_KH_CFG0,007E,0,4,5,attr,rw,,y,0,0,0,0,0,0,GTHE2_CHANNEL
DRP.RX_DFE_KL_LPM_KH_CFG1,007E,0,6,8,attr,rw,,y,0,0,0,0,0,0,GTHE2_CHANNEL
DRP.RX_DFE_KL_LPM_KH_CFG2,007E,0,9,12,attr,rw,,y,0,0,0,0,0,0,GTHE2_CHANNEL
DRP.RX_DFE_KL_LPM_KL_CFG0,007E,0,13,14,attr,rw,,y,0,0,0,0,0,0,GTHE2_CHANNEL
DRP.CPLL_CFG,007F,0,0,15,attr,rw,,y,0,0,0,0,0,0,GTHE2_CHANNEL
DRP.CPLL_CFG,80,1,0,12,attr,rw,,y,0,0,0,0,0,0,GTHE2_CHANNEL
DRP.RX_DFELPM_KLKH_AGC_STUP_EN,80,0,13,13,attr,rw,,y,0,0,0,0,0,0,GTHE2_CHANNEL
DRP.RX_DFELPM_CFG0,81,0,0,3,attr,rw,,y,0,0,0,0,0,0,GTHE2_CHANNEL
DRP.RX_DFELPM_CFG1,81,0,4,4,attr,rw,,y,0,0,0,0,0,0,GTHE2_CHANNEL
DRP.RX_DFE_AGC_OVRDEN,81,0,5,5,attr,rw,,y,0,0,0,0,0,0,GTHE2_CHANNEL
DRP.RX_DFE_KL_LPM_KL_OVRDEN,81,0,6,6,attr,rw,,y,0,0,0,0,0,0,GTHE2_CHANNEL
DRP.RX_DFE_KL_LPM_KH_OVRDEN,81,0,7,7,attr,rw,,y,0,0,0,0,0,0,GTHE2_CHANNEL
DRP.PMA_RSV2,82,0,0,15,attr,rw,,y,0,0,0,0,0,0,GTHE2_CHANNEL
DRP.PMA_RSV2,83,1,0,15,attr,rw,,y,0,0,0,0,0,0,GTHE2_CHANNEL
DRP.PMA_POWER_SAVE,84,0,0,9,attr_hidden,rw,,y,0,0,0,0,0,0,GTHE2_CHANNEL
DRP.RESET_POWERSAVE_DISABLE,84,0,10,10,attr,rw,,y,0,0,0,0,0,0,GTHE2_CHANNEL
DRP.AMONITOR_CFG,85,0,0,15,attr_hidden,rw,,y,0,0,0,0,0,0,GTHE2_CHANNEL
DRP.DMONITOR_CFG,86,0,0,15,attr,rw,,y,0,0,0,0,0,0,GTHE2_CHANNEL
DRP.DMONITOR_CFG,87,1,0,7,attr,rw,,y,0,0,0,0,0,0,GTHE2_CHANNEL
DRP.RXOUT_DIV,88,0,0,2,attr,rw,,y,0,0,0,0,0,0,GTHE2_CHANNEL
DRP.RXSIPO_DIV_45,88,0,3,3,attr_hidden,rw,,y,0,0,0,0,0,0,GTHE2_CHANNEL
DRP.TXOUT_DIV,88,0,4,6,attr,rw,,y,0,0,0,0,0,0,GTHE2_CHANNEL
DRP.CFOK_CFG,89,0,0,15,attr,rw,,y,0,0,0,0,0,0,GTHE2_CHANNEL
DRP.CFOK_CFG,008A,1,0,15,attr,rw,,y,0,0,0,0,0,0,GTHE2_CHANNEL
DRP.CFOK_CFG,008B,2,0,9,attr,rw,,y,0,0,0,0,0,0,GTHE2_CHANNEL
DRP.CFOK_CFG3,008B,0,10,15,attr,rw,,y,0,0,0,0,0,0,GTHE2_CHANNEL
DRP.RX_DFE_H6_CFG,008C,0,0,10,attr,rw,,y,0,0,0,0,0,0,GTHE2_CHANNEL
DRP.RX_DFE_H7_CFG,008D,0,0,10,attr,rw,,y,0,0,0,0,0,0,GTHE2_CHANNEL
DRP.RX_DFE_ST_CFG,008E,0,0,15,attr,rw,,y,0,0,0,0,0,0,GTHE2_CHANNEL
DRP.RX_DFE_ST_CFG,008F,1,0,15,attr,rw,,y,0,0,0,0,0,0,GTHE2_CHANNEL
DRP.RX_DFE_ST_CFG,90,2,0,15,attr,rw,,y,0,0,0,0,0,0,GTHE2_CHANNEL
DRP.RX_DFE_ST_CFG,91,3,0,5,attr,rw,,y,0,0,0,0,0,0,GTHE2_CHANNEL
DRP.CFOK_CFG2,91,0,6,11,attr,rw,,y,0,0,0,0,0,0,GTHE2_CHANNEL
DRP.USE_PCS_CLK_PHASE_SEL,91,0,14,14,attr,rw,,y,0,0,0,0,0,0,GTHE2_CHANNEL
DRP.ES_CLK_PHASE_SEL,91,0,15,15,attr,rw,,y,0,0,0,0,0,0,GTHE2_CHANNEL
DRP.ADAPT_CFG0,92,0,0,15,attr,rw,,y,0,0,0,0,0,0,GTHE2_CHANNEL
DRP.ADAPT_CFG0,93,1,0,3,attr,rw,,y,0,0,0,0,0,0,GTHE2_CHANNEL
DRP.PMA_RSV4,94,0,0,14,attr,rw,,y,0,0,0,0,0,0,GTHE2_CHANNEL
DRP.TXPI_PPM_CFG,95,0,0,7,attr,rw,,y,0,0,0,0,0,0,GTHE2_CHANNEL
DRP.TXPI_SYNFREQ_PPM,96,0,0,2,attr,rw,,y,0,0,0,0,0,0,GTHE2_CHANNEL
DRP.TXPI_PPMCLK_SEL,96,0,3,3,attr,rw,,y,0,0,0,0,0,0,GTHE2_CHANNEL
DRP.TXPI_INVSTROBE_SEL,96,0,4,4,attr,rw,,y,0,0,0,0,0,0,GTHE2_CHANNEL
DRP.TXPI_GREY_SEL,96,0,5,5,attr,rw,,y,0,0,0,0,0,0,GTHE2_CHANNEL
DRP.A_TXPIPPMOVRDEN,96,0,7,7,attr_hidden,rw,,y,0,0,0,0,0,0,GTHE2_CHANNEL
DRP.AEN_TXPI_PPM,96,0,8,8,attr_hidden,rw,,y,0,0,0,0,0,0,GTHE2_CHANNEL
DRP.A_TXPIPPMSEL,96,0,9,9,attr_hidden,rw,,y,0,0,0,0,0,0,GTHE2_CHANNEL
DRP.A_TXPIPPMPD,96,0,15,15,attr_hidden,rw,,y,0,0,0,0,0,0,GTHE2_CHANNEL
DRP.TST_RSV,97,0,0,15,attr,rw,,y,0,0,0,0,0,0,GTHE2_CHANNEL
DRP.TST_RSV,98,1,0,15,attr,rw,,y,0,0,0,0,0,0,GTHE2_CHANNEL
DRP.PMA_RSV,99,0,0,15,attr,rw,,y,0,0,0,0,0,0,GTHE2_CHANNEL
DRP.PMA_RSV,009A,1,0,15,attr,rw,,y,0,0,0,0,0,0,GTHE2_CHANNEL
DRP.RX_BUFFER_CFG,009B,0,0,5,attr,rw,,y,0,0,0,0,0,0,GTHE2_CHANNEL
DRP.RXBUF_THRESH_UNDFLW,009C,0,0,5,attr,rw,,y,0,0,0,0,0,0,GTHE2_CHANNEL
DRP.RXBUF_THRESH_OVFLW,009C,0,8,13,attr,rw,,y,0,0,0,0,0,0,GTHE2_CHANNEL
DRP.RX_DEFER_RESET_BUF_EN,009D,0,0,0,attr,rw,,y,0,0,0,0,0,0,GTHE2_CHANNEL
DRP.RXBUF_EN,009D,0,1,1,attr,rw,,y,0,0,0,0,0,0,GTHE2_CHANNEL
DRP.RXBUF_THRESH_OVRD,009D,0,2,2,attr,rw,,y,0,0,0,0,0,0,GTHE2_CHANNEL
DRP.RXBUF_RESET_ON_COMMAALIGN,009D,0,3,3,attr,rw,,y,0,0,0,0,0,0,GTHE2_CHANNEL
DRP.RXBUF_RESET_ON_RATE_CHANGE,009D,0,4,4,attr,rw,,y,0,0,0,0,0,0,GTHE2_CHANNEL
DRP.RXBUF_RESET_ON_CB_CHANGE,009D,0,5,5,attr,rw,,y,0,0,0,0,0,0,GTHE2_CHANNEL
DRP.RXBUF_RESET_ON_EIDLE,009D,0,6,6,attr,rw,,y,0,0,0,0,0,0,GTHE2_CHANNEL
DRP.RXBUF_ADDR_MODE,009D,0,7,7,attr,rw,,y,0,0,0,0,0,0,GTHE2_CHANNEL
DRP.RXBUF_EIDLE_LO_CNT,009D,0,8,11,attr,rw,,y,0,0,0,0,0,0,GTHE2_CHANNEL
DRP.RXBUF_EIDLE_HI_CNT,009D,0,12,15,attr,rw,,y,0,0,0,0,0,0,GTHE2_CHANNEL
DRP.TXDLY_LCFG,009F,0,0,8,attr,rw,,y,0,0,0,0,0,0,GTHE2_CHANNEL
DRP.RXDLY_LCFG,00A0,0,0,8,attr,rw,,y,0,0,0,0,0,0,GTHE2_CHANNEL
DRP.RXPH_CFG,00A1,0,0,15,attr,rw,,y,0,0,0,0,0,0,GTHE2_CHANNEL
DRP.RXPH_CFG,00A2,1,0,7,attr,rw,,y,0,0,0,0,0,0,GTHE2_CHANNEL
DRP.RXPHDLY_CFG,00A3,0,0,15,attr,rw,,y,0,0,0,0,0,0,GTHE2_CHANNEL
DRP.RXPHDLY_CFG,00A4,1,0,7,attr,rw,,y,0,0,0,0,0,0,GTHE2_CHANNEL
DRP.RX_DEBUG_CFG,00A5,0,0,13,attr,rw,,y,0,0,0,0,0,0,GTHE2_CHANNEL
DRP.ES_PMA_CFG,00A6,0,0,9,attr,rw,,y,0,0,0,0,0,0,GTHE2_CHANNEL
DRP.RXCDR_LOCK_CFG,00A7,0,0,5,attr,rw,,y,0,0,0,0,0,0,GTHE2_CHANNEL
DRP.RXCDR_PCIERESET_WAIT_TIME,00A7,0,6,10,attr_hidden,rw,,y,0,0,0,0,0,0,GTHE2_CHANNEL
DRP.RXCDR_HOLD_DURING_EIDLE,00A7,0,11,11,attr,rw,,y,0,0,0,0,0,0,GTHE2_CHANNEL
DRP.RXCDR_FR_RESET_ON_EIDLE,00A7,0,12,12,attr,rw,,y,0,0,0,0,0,0,GTHE2_CHANNEL
DRP.RXCDR_PH_RESET_ON_EIDLE,00A7,0,13,13,attr,rw,,y,0,0,0,0,0,0,GTHE2_CHANNEL
DRP.RXCDR_CFG,00A8,0,0,15,attr,rw,,y,0,0,0,0,0,0,GTHE2_CHANNEL
DRP.RXCDR_CFG,00A9,1,0,15,attr,rw,,y,0,0,0,0,0,0,GTHE2_CHANNEL
DRP.RXCDR_CFG,00AA,2,0,15,attr,rw,,y,0,0,0,0,0,0,GTHE2_CHANNEL
DRP.RXCDR_CFG,00AB,3,0,15,attr,rw,,y,0,0,0,0,0,0,GTHE2_CHANNEL
DRP.RXCDR_CFG,00AC,4,0,15,attr,rw,,y,0,0,0,0,0,0,GTHE2_CHANNEL
DRP.RXCDR_CFG,00AD,5,0,2,attr,rw,,y,0,0,0,0,0,0,GTHE2_CHANNEL
DRP.A_TXQPIBIASEN,00AD,0,12,12,attr_hidden,rw,,y,0,0,0,0,0,0,GTHE2_CHANNEL
DRP.ES_ERROR_COUNT,151,0,0,15,attr,r,,y,0,0,0,0,0,0,GTHE2_CHANNEL
DRP.ES_SAMPLE_COUNT,152,0,0,15,attr,r,,y,0,0,0,0,0,0,GTHE2_CHANNEL
DRP.ES_CONTROL_STATUS,153,0,0,3,attr,r,,y,0,0,0,0,0,0,GTHE2_CHANNEL
DRP.ES_RDATA,158,0,0,15,attr,r,,y,0,0,0,0,0,0,GTHE2_CHANNEL
DRP.ES_RDATA,157,1,0,15,attr,r,,y,0,0,0,0,0,0,GTHE2_CHANNEL
DRP.ES_RDATA,156,2,0,15,attr,r,,y,0,0,0,0,0,0,GTHE2_CHANNEL
DRP.ES_RDATA,155,3,0,15,attr,r,,y,0,0,0,0,0,0,GTHE2_CHANNEL
DRP.ES_RDATA,154,4,0,15,attr,r,,y,0,0,0,0,0,0,GTHE2_CHANNEL
DRP.ES_SDATA,15D,0,0,15,attr,r,,y,0,0,0,0,0,0,GTHE2_CHANNEL
DRP.ES_SDATA,15C,1,0,15,attr,r,,y,0,0,0,0,0,0,GTHE2_CHANNEL
DRP.ES_SDATA,15B,2,0,15,attr,r,,y,0,0,0,0,0,0,GTHE2_CHANNEL
DRP.ES_SDATA,15A,3,0,15,attr,r,,y,0,0,0,0,0,0,GTHE2_CHANNEL
DRP.ES_SDATA,159,4,0,15,attr,r,,y,0,0,0,0,0,0,GTHE2_CHANNEL
PORT.CFGRESET,20A,0,0,0,port,rw,0,y,1,0,0,0,0,0,GTHE2_CHANNEL
PORT.CPLLLOCKDETCLK,20A,0,1,1,port,rw,0,y,1,0,0,0,0,0,GTHE2_CHANNEL
PORT.CPLLLOCKEN,20A,0,2,2,port,rw,1'b1,y,1,0,0,0,0,0,GTHE2_CHANNEL
PORT.CPLLPD,20A,0,3,3,port,rw,C_CPLLPD,y,1,0,0,0,0,0,GTHE2_CHANNEL
PORT.CPLLRESET,20A,0,4,4,port,rw,0,y,1,0,0,0,0,0,GTHE2_CHANNEL
PORT.EYESCANMODE,20A,0,5,5,port,rw,0,y,1,0,0,0,0,0,GTHE2_CHANNEL
PORT.EYESCANRESET,20A,0,6,6,port,rw,0,y,1,0,0,0,0,0,GTHE2_CHANNEL
PORT.EYESCANTRIGGER,20A,0,7,7,port,rw,0,y,1,0,0,0,0,0,GTHE2_CHANNEL
PORT.GTRESETSEL,20A,0,8,8,port,rw,0,y,1,0,0,0,0,0,GTHE2_CHANNEL
PORT.GTRXRESET,20A,0,9,9,port,rw,0,y,1,0,0,0,0,0,GTHE2_CHANNEL
PORT.GTTXRESET,20A,0,10,10,port,rw,0,y,1,0,0,0,0,0,GTHE2_CHANNEL
PORT.RESETOVRD,20A,0,11,11,port,rw,0,y,1,0,0,0,0,0,GTHE2_CHANNEL
PORT.RX8B10BEN,20A,0,12,12,port,rw,0,y,1,0,0,0,0,0,GTHE2_CHANNEL
PORT.RXBUFRESET,20A,0,13,13,port,rw,0,y,1,0,0,0,0,0,GTHE2_CHANNEL
PORT.CLKRSVD0,20A,0,14,14,port,rw,0,y,1,0,0,0,0,0,GTHE2_CHANNEL
PORT.CLKRSVD1,20A,0,15,15,port,rw,0,y,1,0,0,0,0,0,GTHE2_CHANNEL
PORT.RXCDRFREQRESET,20B,0,0,0,port,rw,0,y,1,0,0,0,0,0,GTHE2_CHANNEL
PORT.RXCDRHOLD,20B,0,1,1,port,rw,0,y,1,0,0,0,0,0,GTHE2_CHANNEL
PORT.RXCDROVRDEN,20B,0,2,2,port,rw,0,y,1,0,0,0,0,0,GTHE2_CHANNEL
PORT.RXCDRRESET,20B,0,3,3,port,rw,0,y,1,0,0,0,0,0,GTHE2_CHANNEL
PORT.RXCDRRESETRSV,20B,0,4,4,port,rw,0,y,1,0,0,0,0,0,GTHE2_CHANNEL
PORT.RXCHBONDEN,20B,0,5,5,port,rw,0,y,1,0,0,0,0,0,GTHE2_CHANNEL
PORT.RXCHBONDMASTER,20B,0,6,6,port,rw,0,y,1,0,0,0,0,0,GTHE2_CHANNEL
PORT.RXCHBONDSLAVE,20B,0,7,7,port,rw,0,y,1,0,0,0,0,0,GTHE2_CHANNEL
PORT.RXCOMMADETEN,20B,0,8,8,port,rw,0,y,1,0,0,0,0,0,GTHE2_CHANNEL
PORT.RXDDIEN,20B,0,9,9,port,rw,0,y,1,0,0,0,0,0,GTHE2_CHANNEL
PORT.RXDFEAGCHOLD,20B,0,10,10,port,rw,0,y,1,0,0,0,0,0,GTHE2_CHANNEL
PORT.RXDFEAGCOVRDEN,20B,0,11,11,port,rw,0,y,1,0,0,0,0,0,GTHE2_CHANNEL
PORT.RXDFECM1EN,20B,0,12,12,port,rw,0,y,1,0,0,0,0,0,GTHE2_CHANNEL
PORT.RXDFELFHOLD,20B,0,13,13,port,rw,0,y,1,0,0,0,0,0,GTHE2_CHANNEL
PORT.RXDFELFOVRDEN,20B,0,14,14,port,rw,0,y,1,0,0,0,0,0,GTHE2_CHANNEL
PORT.RXDFELPMRESET,20B,0,15,15,port,rw,0,y,1,0,0,0,0,0,GTHE2_CHANNEL
PORT.RXDFETAP2HOLD,20C,0,0,0,port,rw,0,y,1,0,0,0,0,0,GTHE2_CHANNEL
PORT.RXDFETAP2OVRDEN,20C,0,1,1,port,rw,0,y,1,0,0,0,0,0,GTHE2_CHANNEL
PORT.RXDFETAP3HOLD,20C,0,2,2,port,rw,0,y,1,0,0,0,0,0,GTHE2_CHANNEL
PORT.RXDFETAP3OVRDEN,20C,0,3,3,port,rw,0,y,1,0,0,0,0,0,GTHE2_CHANNEL
PORT.RXDFETAP4HOLD,20C,0,4,4,port,rw,0,y,1,0,0,0,0,0,GTHE2_CHANNEL
PORT.RXDFETAP4OVRDEN,20C,0,5,5,port,rw,0,y,1,0,0,0,0,0,GTHE2_CHANNEL
PORT.RXDFETAP5HOLD,20C,0,6,6,port,rw,0,y,1,0,0,0,0,0,GTHE2_CHANNEL
PORT.RXDFETAP5OVRDEN,20C,0,7,7,port,rw,0,y,1,0,0,0,0,0,GTHE2_CHANNEL
PORT.RXDFEUTHOLD,20C,0,8,8,port,rw,0,y,1,0,0,0,0,0,GTHE2_CHANNEL
PORT.RXDFEUTOVRDEN,20C,0,9,9,port,rw,0,y,1,0,0,0,0,0,GTHE2_CHANNEL
PORT.RXDFEVPHOLD,20C,0,10,10,port,rw,0,y,1,0,0,0,0,0,GTHE2_CHANNEL
PORT.RXDFEVPOVRDEN,20C,0,11,11,port,rw,0,y,1,0,0,0,0,0,GTHE2_CHANNEL
PORT.RXDFEVSEN,20C,0,12,12,port,rw,0,y,1,0,0,0,0,0,GTHE2_CHANNEL
PORT.RXDFEXYDEN,20C,0,13,13,port,rw,0,y,1,0,0,0,0,0,GTHE2_CHANNEL
PORT.DMONFIFORESET,20C,0,14,14,port,rw,0,y,1,0,0,0,0,0,GTHE2_CHANNEL
PORT.RXRATEMODE,20C,0,15,15,port,rw,0,y,1,0,0,0,0,0,GTHE2_CHANNEL
PORT.RXDLYBYPASS,20D,0,0,0,port,rw,1'b1,y,1,0,0,0,0,0,GTHE2_CHANNEL
PORT.RXDLYEN,20D,0,1,1,port,rw,0,y,1,0,0,0,0,0,GTHE2_CHANNEL
PORT.RXDLYOVRDEN,20D,0,2,2,port,rw,0,y,1,0,0,0,0,0,GTHE2_CHANNEL
PORT.RXDLYSRESET,20D,0,3,3,port,rw,0,y,1,0,0,0,0,0,GTHE2_CHANNEL
PORT.RXGEARBOXSLIP,20D,0,4,4,port,rw,0,y,1,0,0,0,0,0,GTHE2_CHANNEL
PORT.RXLPMEN,20D,0,5,5,port,rw,1'b1,y,1,0,0,0,0,0,GTHE2_CHANNEL
PORT.RXLPMHFHOLD,20D,0,6,6,port,rw,0,y,1,0,0,0,0,0,GTHE2_CHANNEL
PORT.RXLPMHFOVRDEN,20D,0,7,7,port,rw,0,y,1,0,0,0,0,0,GTHE2_CHANNEL
PORT.RXLPMLFHOLD,20D,0,8,8,port,rw,0,y,1,0,0,0,0,0,GTHE2_CHANNEL
PORT.RXLPMLFKLOVRDEN,20D,0,9,9,port,rw,0,y,1,0,0,0,0,0,GTHE2_CHANNEL
PORT.RXMCOMMAALIGNEN,20D,0,10,10,port,rw,0,y,1,0,0,0,0,0,GTHE2_CHANNEL
PORT.RXOOBRESET,20D,0,11,11,port,rw,0,y,1,0,0,0,0,0,GTHE2_CHANNEL
PORT.RXOSHOLD,20D,0,12,12,port,rw,0,y,1,0,0,0,0,0,GTHE2_CHANNEL
PORT.RXOSOVRDEN,20D,0,13,13,port,rw,0,y,1,0,0,0,0,0,GTHE2_CHANNEL
PORT.RXPCOMMAALIGNEN,20D,0,14,14,port,rw,0,y,1,0,0,0,0,0,GTHE2_CHANNEL
PORT.RXPCSRESET,20D,0,15,15,port,rw,0,y,1,0,0,0,0,0,GTHE2_CHANNEL
PORT.RXPHALIGN,20E,0,0,0,port,rw,0,y,1,0,0,0,0,0,GTHE2_CHANNEL
PORT.RXPHALIGNEN,20E,0,1,1,port,rw,0,y,1,0,0,0,0,0,GTHE2_CHANNEL
PORT.RXPHDLYPD,20E,0,2,2,port,rw,0,y,1,0,0,0,0,0,GTHE2_CHANNEL
PORT.RXPHDLYRESET,20E,0,3,3,port,rw,0,y,1,0,0,0,0,0,GTHE2_CHANNEL
PORT.RXPHOVRDEN,20E,0,4,4,port,rw,0,y,1,0,0,0,0,0,GTHE2_CHANNEL
PORT.RXPMARESET,20E,0,5,5,port,rw,0,y,1,0,0,0,0,0,GTHE2_CHANNEL
PORT.RXPOLARITY,20E,0,6,6,port,rw,0,y,1,0,0,0,0,0,GTHE2_CHANNEL
PORT.RXPRBSCNTRESET,20E,0,7,7,port,rw,0,y,1,0,0,0,0,0,GTHE2_CHANNEL
PORT.RXQPIEN,20E,0,8,8,port,rw,0,y,1,0,0,0,0,0,GTHE2_CHANNEL
PORT.RXSLIDE,20E,0,9,9,port,rw,0,y,1,0,0,0,0,0,GTHE2_CHANNEL
PORT.RXUSERRDY,20E,0,10,10,port,rw,1'b1,y,1,0,0,0,0,0,GTHE2_CHANNEL
PORT.SETERRSTATUS,20E,0,11,11,port,rw,0,y,1,0,0,0,0,0,GTHE2_CHANNEL
PORT.TX8B10BEN,20E,0,12,12,port,rw,0,y,1,0,0,0,0,0,GTHE2_CHANNEL
PORT.TXCOMINIT,20E,0,13,13,port,rw,0,y,1,0,0,0,0,0,GTHE2_CHANNEL
PORT.TXCOMSAS,20E,0,14,14,port,rw,0,y,1,0,0,0,0,0,GTHE2_CHANNEL
PORT.TXCOMWAKE,20E,0,15,15,port,rw,0,y,1,0,0,0,0,0,GTHE2_CHANNEL
PORT.TXDEEMPH,20F,0,0,0,port,rw,0,y,1,0,0,0,0,0,GTHE2_CHANNEL
PORT.TXDETECTRX,20F,0,1,1,port,rw,0,y,1,0,0,0,0,0,GTHE2_CHANNEL
PORT.TXDIFFPD,20F,0,2,2,port,rw,0,y,1,0,0,0,0,0,GTHE2_CHANNEL
PORT.TXDLYBYPASS,20F,0,3,3,port,rw,1'b1,y,1,0,0,0,0,0,GTHE2_CHANNEL
PORT.TXDLYEN,20F,0,4,4,port,rw,0,y,1,0,0,0,0,0,GTHE2_CHANNEL
PORT.TXDLYHOLD,20F,0,5,5,port,rw,0,y,1,0,0,0,0,0,GTHE2_CHANNEL
PORT.TXDLYOVRDEN,20F,0,6,6,port,rw,0,y,1,0,0,0,0,0,GTHE2_CHANNEL
PORT.TXDLYSRESET,20F,0,7,7,port,rw,0,y,1,0,0,0,0,0,GTHE2_CHANNEL
PORT.TXDLYUPDOWN,20F,0,8,8,port,rw,0,y,1,0,0,0,0,0,GTHE2_CHANNEL
PORT.TXELECIDLE,20F,0,9,9,port,rw,0,y,1,0,0,0,0,0,GTHE2_CHANNEL
PORT.TXINHIBIT,20F,0,10,10,port,rw,0,y,1,0,0,0,0,0,GTHE2_CHANNEL
PORT.TXPCSRESET,20F,0,11,11,port,rw,0,y,1,0,0,0,0,0,GTHE2_CHANNEL
PORT.TXPDELECIDLEMODE,20F,0,12,12,port,rw,0,y,1,0,0,0,0,0,GTHE2_CHANNEL
PORT.TXPHALIGN,20F,0,13,13,port,rw,0,y,1,0,0,0,0,0,GTHE2_CHANNEL
PORT.TXPHALIGNEN,20F,0,14,14,port,rw,0,y,1,0,0,0,0,0,GTHE2_CHANNEL
PORT.TXPHDLYPD,20F,0,15,15,port,rw,0,y,1,0,0,0,0,0,GTHE2_CHANNEL
PORT.TXPHDLYRESET,210,0,0,0,port,rw,0,y,1,0,0,0,0,0,GTHE2_CHANNEL
PORT.TXPHDLYTSTCLK,210,0,1,1,port,rw,0,y,1,0,0,0,0,0,GTHE2_CHANNEL
PORT.TXPHINIT,210,0,2,2,port,rw,0,y,1,0,0,0,0,0,GTHE2_CHANNEL
PORT.TXPHOVRDEN,210,0,3,3,port,rw,0,y,1,0,0,0,0,0,GTHE2_CHANNEL
PORT.TXPISOPD,210,0,4,4,port,rw,0,y,1,0,0,0,0,0,GTHE2_CHANNEL
PORT.TXPMARESET,210,0,5,5,port,rw,0,y,1,0,0,0,0,0,GTHE2_CHANNEL
PORT.TXPOLARITY,210,0,6,6,port,rw,0,y,1,0,0,0,0,0,GTHE2_CHANNEL
PORT.TXPOSTCURSORINV,210,0,7,7,port,rw,0,y,1,0,0,0,0,0,GTHE2_CHANNEL
PORT.TXPRBSFORCEERR,210,0,8,8,port,rw,0,y,1,0,0,0,0,0,GTHE2_CHANNEL
PORT.TXPRECURSORINV,210,0,9,9,port,rw,0,y,1,0,0,0,0,0,GTHE2_CHANNEL
PORT.TXQPIBIASEN,210,0,10,10,port,rw,0,y,1,0,0,0,0,0,GTHE2_CHANNEL
PORT.TXQPISTRONGPDOWN,210,0,11,11,port,rw,0,y,1,0,0,0,0,0,GTHE2_CHANNEL
PORT.TXQPIWEAKPUP,210,0,12,12,port,rw,0,y,1,0,0,0,0,0,GTHE2_CHANNEL
PORT.TXSTARTSEQ,210,0,13,13,port,rw,0,y,1,0,0,0,0,0,GTHE2_CHANNEL
PORT.TXSWING,210,0,14,14,port,rw,0,y,1,0,0,0,0,0,GTHE2_CHANNEL
PORT.TXUSERRDY,210,0,15,15,port,rw,1'b1,y,1,0,0,0,0,0,GTHE2_CHANNEL
PORT.GTRSVD,211,0,0,15,port,rw,0,y,1,0,0,0,0,0,GTHE2_CHANNEL
PORT.PCSRSVDIN,212,0,0,15,port,rw,0,y,1,0,0,0,0,0,GTHE2_CHANNEL
PORT.TSTIN,213,0,0,15,port,rw,16'hFFFF,y,1,0,0,0,0,0,GTHE2_CHANNEL
PORT.TSTIN,214,1,0,3,port,rw,4'hF,y,1,0,0,0,0,0,GTHE2_CHANNEL
PORT.RXELECIDLEMODE,214,0,4,5,port,rw,0,y,1,0,0,0,0,0,GTHE2_CHANNEL
PORT.RXMONITORSEL,214,0,6,7,port,rw,0,y,1,0,0,0,0,0,GTHE2_CHANNEL
PORT.RXPD,214,0,8,9,port,rw,C_PD,y,1,0,0,0,0,0,GTHE2_CHANNEL
PORT.RXSYSCLKSEL,214,0,10,11,port,rw,C_RXSYSCLKSEL,y,1,0,0,0,0,0,GTHE2_CHANNEL
PORT.TXPIPPMEN,214,0,12,12,port,rw,0,y,1,0,0,0,0,0,GTHE2_CHANNEL
PORT.TXPIPPMOVRDEN,214,0,13,13,port,rw,0,y,1,0,0,0,0,0,GTHE2_CHANNEL
PORT.TXPIPPMPD,214,0,14,14,port,rw,0,y,1,0,0,0,0,0,GTHE2_CHANNEL
PORT.TXPIPPMSEL,214,0,15,15,port,rw,0,y,1,0,0,0,0,0,GTHE2_CHANNEL
PORT.TXPD,215,0,0,1,port,rw,C_PD,y,1,0,0,0,0,0,GTHE2_CHANNEL
PORT.TXSYSCLKSEL,215,0,2,3,port,rw,C_TXSYSCLKSEL,y,1,0,0,0,0,0,GTHE2_CHANNEL
PORT.CPLLREFCLKSEL,215,0,4,6,port,rw,1'b1,y,1,0,0,0,0,0,GTHE2_CHANNEL
PORT.LOOPBACK,215,0,7,9,port,rw,0,y,1,0,0,0,0,0,GTHE2_CHANNEL
PORT.RXCHBONDLEVEL,215,0,10,12,port,rw,0,y,1,0,0,0,0,0,GTHE2_CHANNEL
PORT.RXOUTCLKSEL,215,0,13,15,port,rw,3'h2,y,1,0,0,0,0,0,GTHE2_CHANNEL
PORT.RXPRBSSEL,216,0,0,2,port,rw,0,y,1,0,0,0,0,0,GTHE2_CHANNEL
PORT.RXRATE,216,0,3,5,port,rw,0,y,1,0,0,0,0,0,GTHE2_CHANNEL
PORT.TXBUFDIFFCTRL,216,0,6,8,port,rw,4'h4,y,1,0,0,0,0,0,GTHE2_CHANNEL
PORT.TXHEADER,216,0,9,11,port,rw,0,y,1,0,0,0,0,0,GTHE2_CHANNEL
PORT.TXMARGIN,216,0,12,14,port,rw,0,y,1,0,0,0,0,0,GTHE2_CHANNEL
PORT.TXRATEMODE,216,0,15,15,port,rw,0,y,1,0,0,0,0,0,GTHE2_CHANNEL
PORT.TXOUTCLKSEL,217,0,0,2,port,rw,3'h2,y,1,0,0,0,0,0,GTHE2_CHANNEL
PORT.TXPRBSSEL,217,0,3,5,port,rw,0,y,1,0,0,0,0,0,GTHE2_CHANNEL
PORT.TXRATE,217,0,6,8,port,rw,0,y,1,0,0,0,0,0,GTHE2_CHANNEL
PORT.RXDFESLIDETAPADAPTEN,217,0,9,9,port,rw,0,y,1,0,0,0,0,0,GTHE2_CHANNEL
PORT.RXDFESLIDETAPHOLD,217,0,10,10,port,rw,0,y,1,0,0,0,0,0,GTHE2_CHANNEL
PORT.RXDFESLIDETAPINITOVRDEN,217,0,11,11,port,rw,0,y,1,0,0,0,0,0,GTHE2_CHANNEL
PORT.RXDFESLIDETAPONLYADAPTEN,217,0,12,12,port,rw,0,y,1,0,0,0,0,0,GTHE2_CHANNEL
PORT.RXDFESLIDETAPOVRDEN,217,0,13,13,port,rw,0,y,1,0,0,0,0,0,GTHE2_CHANNEL
PORT.RXDFESLIDETAPSTROBE,217,0,14,14,port,rw,0,y,1,0,0,0,0,0,GTHE2_CHANNEL
PORT.TXDIFFCTRL,218,0,0,3,port,rw,4'hC,y,1,0,0,0,0,0,GTHE2_CHANNEL
PORT.PCSRSVDIN2,218,0,4,8,port,rw,0,y,1,0,0,0,0,0,GTHE2_CHANNEL
PORT.PMARSVDIN2,218,0,9,13,port,rw,0,y,1,0,0,0,0,0,GTHE2_CHANNEL
PORT.RXSYNCALLIN,218,0,14,14,port,rw,0,y,1,0,0,0,0,0,GTHE2_CHANNEL
PORT.RXSYNCIN,218,0,15,15,port,rw,0,y,1,0,0,0,0,0,GTHE2_CHANNEL
PORT.PMARSVDIN,219,0,0,4,port,rw,0,y,1,0,0,0,0,0,GTHE2_CHANNEL
PORT.RXCHBONDI,219,0,5,9,port,rw,0,y,1,0,0,0,0,0,GTHE2_CHANNEL
PORT.TXPOSTCURSOR,219,0,10,14,port,rw,0,y,1,0,0,0,0,0,GTHE2_CHANNEL
PORT.RXSYNCMODE,219,0,15,15,port,rw,0,y,1,0,0,0,0,0,GTHE2_CHANNEL
PORT.TXPRECURSOR,21A,0,0,4,port,rw,0,y,1,0,0,0,0,0,GTHE2_CHANNEL
PORT.TXMAINCURSOR,21A,0,5,11,port,rw,0,y,1,0,0,0,0,0,GTHE2_CHANNEL
PORT.RXDFETAP6HOLD,21A,0,12,12,port,rw,0,y,1,0,0,0,0,0,GTHE2_CHANNEL
PORT.RXDFETAP6OVRDEN,21A,0,13,13,port,rw,0,y,1,0,0,0,0,0,GTHE2_CHANNEL
PORT.RXDFETAP7HOLD,21A,0,14,14,port,rw,0,y,1,0,0,0,0,0,GTHE2_CHANNEL
PORT.RXDFETAP7OVRDEN,21A,0,15,15,port,rw,0,y,1,0,0,0,0,0,GTHE2_CHANNEL
PORT.TXSEQUENCE,21B,0,0,6,port,rw,0,y,1,0,0,0,0,0,GTHE2_CHANNEL
PORT.TX8B10BBYPASS,21B,0,7,14,port,rw,8'hFF,y,1,0,0,0,0,0,GTHE2_CHANNEL
PORT.TXCHARISK,21D,0,0,7,port,rw,0,y,1,0,0,0,0,0,GTHE2_CHANNEL
PORT.RXADAPTSELTEST,21E,0,0,13,port,rw,0,y,1,0,0,0,0,0,GTHE2_CHANNEL
PORT.RXDFESLIDETAPID,21F,0,0,5,port,rw,0,y,1,0,0,0,0,0,GTHE2_CHANNEL
PORT.RXDFEAGCTRL,21F,0,6,10,port,rw,5'h10,y,1,0,0,0,0,0,GTHE2_CHANNEL
PORT.RXDFESLIDETAP,21F,0,11,15,port,rw,0,y,1,0,0,0,0,0,GTHE2_CHANNEL
PORT.TXPIPPMSTEPSIZE,220,0,0,4,port,rw,0,y,1,0,0,0,0,0,GTHE2_CHANNEL
PORT.RXOSINTCFG,220,0,5,8,port,rw,0,y,1,0,0,0,0,0,GTHE2_CHANNEL
PORT.RXOSCALRESET,220,0,9,9,port,rw,0,y,1,0,0,0,0,0,GTHE2_CHANNEL
PORT.RXOSINTEN,220,0,10,10,port,rw,0,y,1,0,0,0,0,0,GTHE2_CHANNEL
PORT.RXOSINTHOLD,220,0,11,11,port,rw,0,y,1,0,0,0,0,0,GTHE2_CHANNEL
PORT.RXOSINTNTRLEN,220,0,12,12,port,rw,0,y,1,0,0,0,0,0,GTHE2_CHANNEL
PORT.RXOSINTOVRDEN,220,0,13,13,port,rw,0,y,1,0,0,0,0,0,GTHE2_CHANNEL
PORT.RXOSINTSTROBE,220,0,14,14,port,rw,0,y,1,0,0,0,0,0,GTHE2_CHANNEL
PORT.RXOSINTTESTOVRDEN,220,0,15,15,port,rw,0,y,1,0,0,0,0,0,GTHE2_CHANNEL
PORT.CPLLFBCLKLOST,221,0,0,0,port,r,,y,0,1,0,0,0,0,GTHE2_CHANNEL
PORT.CPLLLOCK,221,0,1,1,port,r,,y,0,1,0,0,0,0,GTHE2_CHANNEL
PORT.CPLLREFCLKLOST,221,0,2,2,port,r,,y,0,1,0,0,0,0,GTHE2_CHANNEL
PORT.EYESCANDATAERROR,221,0,3,3,port,r,,y,0,1,0,0,0,0,GTHE2_CHANNEL
PORT.GTREFCLKMONITOR,221,0,4,4,port,r,,y,0,1,0,0,0,0,GTHE2_CHANNEL
PORT.PHYSTATUS,221,0,5,5,port,r,,y,0,1,0,0,0,0,GTHE2_CHANNEL
PORT.RXBYTEISALIGNED,221,0,6,6,port,r,,y,0,1,0,0,0,0,GTHE2_CHANNEL
PORT.RXBYTEREALIGN,221,0,7,7,port,r,,y,0,1,0,0,0,0,GTHE2_CHANNEL
PORT.RXCDRLOCK,221,0,8,8,port,r,,y,0,1,0,0,0,0,GTHE2_CHANNEL
PORT.RXCHANBONDSEQ,221,0,9,9,port,r,,y,0,1,0,0,0,0,GTHE2_CHANNEL
PORT.RXCHANISALIGNED,221,0,10,10,port,r,,y,0,1,0,0,0,0,GTHE2_CHANNEL
PORT.RXCHANREALIGN,221,0,11,11,port,r,,y,0,1,0,0,0,0,GTHE2_CHANNEL
PORT.RXCOMINITDET,221,0,12,12,port,r,,y,0,1,0,0,0,0,GTHE2_CHANNEL
PORT.RXCOMMADET,221,0,13,13,port,r,,y,0,1,0,0,0,0,GTHE2_CHANNEL
PORT.RXCOMSASDET,221,0,14,14,port,r,,y,0,1,0,0,0,0,GTHE2_CHANNEL
PORT.RXCOMWAKEDET,221,0,15,15,port,r,,y,0,1,0,0,0,0,GTHE2_CHANNEL
PORT.RXDATAVALID,222,0,0,1,port,r,,y,0,1,0,0,0,0,GTHE2_CHANNEL
PORT.RXHEADERVALID,222,0,2,3,port,r,,y,0,1,0,0,0,0,GTHE2_CHANNEL
PORT.RXOUTCLKFABRIC,222,0,4,4,port,r,,y,0,1,0,0,0,0,GTHE2_CHANNEL
PORT.RXOUTCLKPCS,222,0,5,5,port,r,,y,0,1,0,0,0,0,GTHE2_CHANNEL
PORT.RXPHALIGNDONE,222,0,6,6,port,r,,y,0,1,0,0,0,0,GTHE2_CHANNEL
PORT.RXPRBSERR,222,0,7,7,port,r,,y,0,1,0,0,0,0,GTHE2_CHANNEL
PORT.RXQPISENN,222,0,8,8,port,r,,y,0,1,0,0,0,0,GTHE2_CHANNEL
PORT.RXQPISENP,222,0,9,9,port,r,,y,0,1,0,0,0,0,GTHE2_CHANNEL
PORT.RXRATEDONE,222,0,10,10,port,r,,y,0,1,0,0,0,0,GTHE2_CHANNEL
PORT.RXRESETDONE,222,0,11,11,port,r,,y,0,1,0,0,0,0,GTHE2_CHANNEL
PORT.RXSTARTOFSEQ,222,0,12,13,port,r,,y,0,1,0,0,0,0,GTHE2_CHANNEL
PORT.RXVALID,222,0,14,14,port,r,,y,0,1,0,0,0,0,GTHE2_CHANNEL
PORT.TXGEARBOXREADY,223,0,0,0,port,r,,y,0,1,0,0,0,0,GTHE2_CHANNEL
PORT.TXOUTCLKFABRIC,223,0,1,1,port,r,,y,0,1,0,0,0,0,GTHE2_CHANNEL
PORT.TXOUTCLKPCS,223,0,2,2,port,r,,y,0,1,0,0,0,0,GTHE2_CHANNEL
PORT.TXPHALIGNDONE,223,0,3,3,port,r,,y,0,1,0,0,0,0,GTHE2_CHANNEL
PORT.TXPHINITDONE,223,0,4,4,port,r,,y,0,1,0,0,0,0,GTHE2_CHANNEL
PORT.TXQPISENN,223,0,5,5,port,r,,y,0,1,0,0,0,0,GTHE2_CHANNEL
PORT.TXQPISENP,223,0,6,6,port,r,,y,0,1,0,0,0,0,GTHE2_CHANNEL
PORT.TXRATEDONE,223,0,7,7,port,r,,y,0,1,0,0,0,0,GTHE2_CHANNEL
PORT.TXRESETDONE,223,0,8,8,port,r,,y,0,1,0,0,0,0,GTHE2_CHANNEL
PORT.TXCOMFINISH,223,0,9,9,port,r,,y,0,1,0,0,0,0,GTHE2_CHANNEL
PORT.TXDLYSRESETDONE,223,0,10,10,port,r,,y,0,1,0,0,0,0,GTHE2_CHANNEL
PORT.PCSRSVDOUT,224,0,0,15,port,r,,y,0,1,0,0,0,0,GTHE2_CHANNEL
PORT.RXCLKCORCNT,225,0,0,1,port,r,,y,0,1,0,0,0,0,GTHE2_CHANNEL
PORT.TXBUFSTATUS,225,0,2,3,port,r,,y,0,1,0,0,0,0,GTHE2_CHANNEL
PORT.RXBUFSTATUS,225,0,4,6,port,r,,y,0,1,0,0,0,0,GTHE2_CHANNEL
PORT.RXSTATUS,225,0,7,9,port,r,,y,0,1,0,0,0,0,GTHE2_CHANNEL
PORT.RXOSINTDONE,225,0,10,10,port,r,,y,0,1,0,0,0,0,GTHE2_CHANNEL
PORT.RXDLYSRESETDONE,225,0,11,11,port,r,,y,0,1,0,0,0,0,GTHE2_CHANNEL
PORT.RXELECIDLE,225,0,12,12,port,r,,y,0,1,0,0,0,0,GTHE2_CHANNEL
PORT.RXCHBONDO,226,0,0,4,port,r,,y,0,1,0,0,0,0,GTHE2_CHANNEL
PORT.RXPHMONITOR,226,0,5,9,port,r,,y,0,1,0,0,0,0,GTHE2_CHANNEL
PORT.RXPHSLIPMONITOR,226,0,10,14,port,r,,y,0,1,0,0,0,0,GTHE2_CHANNEL
PORT.RXMONITOROUT,227,0,0,6,port,r,,y,0,1,0,0,0,0,GTHE2_CHANNEL
PORT.DMONITOROUT,228,0,0,14,port,r,,y,0,1,0,0,0,0,GTHE2_CHANNEL
PORT.RXCHARISCOMMA,229,0,0,7,port,r,,y,0,1,0,0,0,0,GTHE2_CHANNEL
PORT.RXNOTINTABLE,22A,0,8,15,port,r,,y,0,1,0,0,0,0,GTHE2_CHANNEL
PORT.RXHEADER,22B,0,0,5,port,r,,y,0,1,0,0,0,0,GTHE2_CHANNEL
PORT.RXDFESLIDETAPSTARTED,22B,0,6,6,port,r,,y,0,1,0,0,0,0,GTHE2_CHANNEL
PORT.RXDFESLIDETAPSTROBEDONE,22B,0,7,7,port,r,,y,0,1,0,0,0,0,GTHE2_CHANNEL
PORT.RXDFESLIDETAPSTROBESTARTED,22B,0,8,8,port,r,,y,0,1,0,0,0,0,GTHE2_CHANNEL
PORT.RXDFESTADAPTDONE,22B,0,9,9,port,r,,y,0,1,0,0,0,0,GTHE2_CHANNEL
PORT.RXOSINTSTARTED,22B,0,10,10,port,r,,y,0,1,0,0,0,0,GTHE2_CHANNEL
PORT.RXOSINTSTROBEDONE,22B,0,11,11,port,r,,y,0,1,0,0,0,0,GTHE2_CHANNEL
PORT.RXOSINTSTROBESTARTED,22B,0,12,12,port,r,,y,0,1,0,0,0,0,GTHE2_CHANNEL
PORT.RXPMARESETDONE,22B,0,13,13,port,r,,y,0,1,0,0,0,0,GTHE2_CHANNEL
PORT.RXSYNCDONE,22B,0,14,14,port,r,,y,0,1,0,0,0,0,GTHE2_CHANNEL
PORT.RXSYNCOUT,22B,0,15,15,port,r,,y,0,1,0,0,0,0,GTHE2_CHANNEL
PORT.TXPMARESETDONE,22C,0,0,0,port,r,,y,0,1,0,0,0,0,GTHE2_CHANNEL
PORT.TXSYNCDONE,22C,0,1,1,port,r,,y,0,1,0,0,0,0,GTHE2_CHANNEL
PORT.TXSYNCOUT,22C,0,2,2,port,r,,y,0,1,0,0,0,0,GTHE2_CHANNEL
PORT.TXSYNCALLIN,22D,0,0,0,port,rw,0,y,1,0,0,0,0,0,GTHE2_CHANNEL
PORT.TXSYNCIN,22D,0,1,1,port,rw,0,y,1,0,0,0,0,0,GTHE2_CHANNEL
PORT.TXSYNCMODE,22D,0,2,2,port,rw,0,y,1,0,0,0,0,0,GTHE2_CHANNEL
PORT.RXOSINTID0,22D,0,3,6,port,rw,0,y,1,0,0,0,0,0,GTHE2_CHANNEL
LOGIC.MGT_RESET_CTRL,300,0,0,0,logic,rw,0,y,1,0,0,0,0,0,
LOGIC.MGT_ERRCNT_RESET_CTRL,300,0,1,1,logic,rw,0,y,1,0,0,0,0,0,
LOGIC.ERR_INJECT_CTRL,300,0,2,2,logic,rw,0,y,1,0,0,0,0,0,
LOGIC.TXPAT_ID,300,0,3,6,logic,rw,4'h1,y,1,0,0,0,0,0,
LOGIC.RXPAT_ID,300,0,7,10,logic,rw,4'h1,y,1,0,0,0,0,0,
LOGIC.DEBUG_CLOCKS,300,0,11,14,logic,rw,0,y,1,0,0,0,0,0,
LOGIC.LINK,302,0,0,0,logic,r,,y,0,1,0,0,0,0,
LOGIC.MGT_RESET_STAT,302,0,1,1,logic,r,,y,0,1,0,0,0,0,
LOGIC.MGT_ERRCNT_RESET_STAT,302,0,2,2,logic,r,,y,0,1,0,0,0,0,
LOGIC.ALL_DATA_WIDTHS,302,0,3,3,logic,r,,y,0,1,0,0,0,0,
LOGIC.DMON_TRACE_EN,302,0,4,4,logic,r,,y,0,1,0,0,0,0,
LOGIC.RXWORD_COUNT,303,0,0,15,logic,r,,y,0,1,0,0,0,0,
LOGIC.RXWORD_COUNT,304,1,0,15,logic,r,,y,0,1,0,0,0,0,
LOGIC.RXWORD_COUNT,305,2,0,15,logic,r,,y,0,1,0,0,0,0,
LOGIC.ERRBIT_COUNT,306,0,0,15,logic,r,,y,0,1,0,0,0,0,
LOGIC.ERRBIT_COUNT,307,1,0,15,logic,r,,y,0,1,0,0,0,0,
LOGIC.ERRBIT_COUNT,308,2,0,15,logic,r,,y,0,1,0,0,0,0,
LOGIC.TXOUTCLK_FREQ_CNT,309,0,0,15,logic,r,,y,0,1,0,0,0,0,
LOGIC.TXOUTCLK_FREQ_TUNE,30A,0,0,15,logic,rw,15'h4000,y,1,0,0,0,0,0,
LOGIC.RXRECCLK_FREQ_CNT,30B,0,0,15,logic,r,,y,0,1,0,0,0,0,
LOGIC.RXRECCLK_FREQ_TUNE,30C,0,0,15,logic,rw,15'h4000,y,1,0,0,0,0,0,
LOGIC.RXUSRCLK_FREQ_CNT,30E,0,0,15,logic,r,,y,0,1,0,0,0,0,
LOGIC.RXUSRCLK_FREQ_TUNE,30F,0,0,15,logic,rw,15'h4000,y,1,0,0,0,0,0,
LOGIC.RXUSRCLK2_FREQ_CNT,310,0,0,15,logic,r,,y,0,1,0,0,0,0,
LOGIC.RXUSRCLK2_FREQ_TUNE,311,0,0,15,logic,rw,15'h4000,y,1,0,0,0,0,0,
LOGIC.TXUSRCLK_FREQ_CNT,312,0,0,15,logic,r,,y,0,1,0,0,0,0,
LOGIC.TXUSRCLK_FREQ_TUNE,313,0,0,15,logic,rw,15'h4000,y,1,0,0,0,0,0,
LOGIC.TXUSRCLK2_FREQ_CNT,314,0,0,15,logic,r,,y,0,1,0,0,0,0,
LOGIC.TXUSRCLK2_FREQ_TUNE,315,0,0,15,logic,rw,15'h4000,y,1,0,0,0,0,0,
LOGIC.TIMER,316,0,0,15,logic,r,,y,0,1,0,0,0,0,
LOGIC.TIMER,317,1,0,15,logic,r,,y,0,1,0,0,0,0,
LOGIC.TIMER,318,2,0,15,logic,r,,y,0,1,0,0,0,0,
LOGIC.MGT_COORDINATE,319,0,0,15,status,r,,y,0,1,0,0,0,0,
LOGIC.MGT_NUMBER,31A,0,0,15,status,r,,y,0,1,0,0,0,0,
LOGIC.MAX_REFCLK_FREQ,31B,0,0,15,status,r,,y,0,1,0,0,0,0,
LOGIC.MAX_REFCLK_FREQ,31C,1,0,15,status,r,,y,0,1,0,0,0,0,
LOGIC.MAX_LINERATE,31D,0,0,15,status,r,,y,0,1,0,0,0,0,
LOGIC.MAX_LINERATE,31E,1,0,15,status,r,,y,0,1,0,0,0,0,
LOGIC.MAX_LINERATE,31F,2,0,15,status,r,,y,0,1,0,0,0,0,
LOGIC.PROTOCOL_ENUM,320,0,0,15,status,r,,y,0,1,0,0,0,0,
LOGIC.SILICON_VERSION,333,0,0,15,status,r,,y,0,1,0,0,0,0,
LOGIC.TXERRFWD_SEL,334,0,0,7,logic,rw,0,y,1,0,0,0,0,0,
LOGIC.TXERRFWD_EN,334,0,8,8,logic,rw,0,y,1,0,0,0,0,0,
LOGIC.RXCDRAUTORST,334,0,9,9,logic,rw,,y,1,0,0,0,0,0,
LOGIC.TXDATAWIDTH,335,0,0,2,logic,rw,,y,1,0,0,0,0,0,
LOGIC.RXDATAWIDTH,335,0,3,5,logic,rw,,y,1,0,0,0,0,0,
LOGIC.DMON_TRACE_ADDR,336,0,0,11,logic,rw,,y,1,0,0,0,0,0,
LOGIC.DMON_CONTROL,336,0,12,13,logic,rw,0,y,1,0,0,0,0,0,
LOGIC.DMON_ARM,336,0,14,14,logic,rw,0,y,1,0,0,0,0,0,
LOGIC.DMON_TRIGGER,336,0,15,15,logic,rw,0,y,1,0,0,0,0,0,
LOGIC.DMON_TRACE_DATA,337,0,0,7,logic,r,,y,0,1,0,0,0,0,
LOGIC.PH_DMON,338,0,0,6,logic,r ,,y,0,1,0,0,0,0,
LOGIC.OS_DMON,338,0,7,13,logic,r ,,y,0,1,0,0,0,0,
LOGIC.KH_DMON,339,0,0,6,logic,r ,,y,0,1,0,0,0,0,
LOGIC.KL_DMON,339,0,7,13,logic,r ,,y,0,1,0,0,0,0,
LOGIC.DFEKL_DMON,340,0,0,6,logic,r ,,y,0,1,0,0,0,0,
LOGIC.VP_DMON,340,0,7,13,logic,r ,,y,0,1,0,0,0,0,
LOGIC.UT_DMON,341,0,0,6,logic,r ,,y,0,1,0,0,0,0,
LOGIC.TAP2_DMON,341,0,7,12,logic,r ,,y,0,1,0,0,0,0,
LOGIC.TAP3_DMON,342,0,0,5,logic,r ,,y,0,1,0,0,0,0,
LOGIC.TAP4_DMON,342,0,6,10,logic,r ,,y,0,1,0,0,0,0,
LOGIC.TAP5_DMON,342,0,11,15,logic,r ,,y,0,1,0,0,0,0,
LOGIC.TAP6_DMON,343,0,0,4,logic,r ,,y,0,1,0,0,0,0,
LOGIC.TAP7_DMON,343,0,5,9,logic,r ,,y,0,1,0,0,0,0,
LOGIC.AGC_DMON,343,0,10,14,logic,r ,,y,0,1,0,0,0,0,
LOGIC.DEVICE_FAMILY,344,0,0,15,status,r ,,y,0,1,0,0,0,0,
LOGIC.DEVICE_TYPE,345,0,0,15,status,r ,,y,0,1,0,0,0,0,
LOGIC.DEVICE_PACKAGE,346,0,0,15,status,r ,,y,0,1,0,0,0,0,
DRP.PMA_RSV2_BIT4,82,0,4,4,alias,rw,,y,,,,,,,
DRP.ES_UT_SIGN,03B,0,8,8,alias,rw,,y,,,,,,,
DRP.IES_HORZ_OFFSET,0AC,0,12,15,alias,rw,,y,,,,,,,
DRP.IES_HORZ_OFFSET,0AD,1,0,2,alias,rw,,y,,,,,,,